ph,ec_mS_cm,moisture_pct,temperature_C,health_class
7.815274310711964,1.5549625183954279,63.63028320465961,17.36552966726084,3
6.310805306295113,0.6304880091969961,49.10718371047925,19.41973565790658,0
5.890962549135656,0.6929229260200493,12.981031457922116,33.223154511104966,2
5.257590730964469,0.30696901595544057,33.50001921051523,34.3718841603465,1
5.341365153588929,0.2788254307781844,34.1809401260567,19.78454029666669,1
4.201236203806041,0.01,32.28463022788841,25.89496804174786,1
5.46159352554544,0.5101006996502998,67.48693181106155,24.016372793337318,1
8.08662046060422,3.329752554167363,66.68504988589434,35.359870908711905,3
6.359194761330984,0.6297315565779298,63.349697832753094,24.274204312421144,0
7.36403485169224,0.7759727555141567,7.481820478077618,26.436518056421864,2
6.3245714705058775,0.20312865810239178,39.27373155586363,21.197646149972964,0
4.867021717754075,0.3563682170292935,26.352485916626218,21.134753075914947,1
4.202871244465305,0.10789153459098445,39.34860160233767,35.299853010699,1
6.912713081130467,0.29376339825190806,35.70817481916264,26.826846414433106,0
6.222722984220035,0.6008403362901602,56.945737319762266,20.761543670255996,0
6.439576745198234,0.5154138099513973,56.09858768580227,17.921337384964332,0
4.445198099183588,0.08215586148092335,63.78034501291277,17.149213285227088,1
5.973359108439585,0.31859999606493095,31.558401608367145,22.016774296185794,0
6.827580783610897,1.0466957435245283,7.977020234952678,27.31441723012503,2
8.142128072127274,4.185043929630848,36.558100336823045,30.327840129049818,3
6.507338594645123,0.3170537765846993,55.81147257326685,29.277975770691217,0
6.590463473073738,0.39842326334135325,7.734225182667581,43.62641653666637,2
8.67387098871771,4.40082456459864,80.96032424131192,15.59671596624357,3
4.8497602871219305,0.4382992095454774,42.00572505006284,30.21224235303193,1
7.926394206131112,2.913881882968901,49.72746146071242,27.140500213982573,3
6.9925232745722194,0.6447410382897071,49.166507856219944,18.66414760159503,0
4.2134264703774695,0.3816028605106145,48.18904513756983,25.240439564138928,1
5.294746608897455,0.14071492375634176,43.864934585348855,19.54589941114127,1
4.488575196571904,0.287492044853646,49.39618047768338,33.43112466277436,1
6.5593513068099165,0.30476940127876107,53.15869050223876,29.566877822320027,0
6.305333451539147,0.759850676879817,60.4198510051316,24.741903909298184,0
4.968394467313015,0.2269784176490627,32.59537093009868,16.71479826253117,1
6.490730903713425,0.7988362783967278,60.04305546185274,19.042206887647374,0
4.439944933752595,0.4949925362114851,42.18960897803883,35.74468612157758,1
4.175074134515228,0.4192676370764457,37.408349568120585,11.511228004514846,1
6.014051028119185,0.4931714028662681,41.73952495595934,21.471517341656604,0
6.353041786608606,1.0810637094736584,8.839152679825922,27.14075132818786,2
4.715371481985266,0.07930274692888908,57.32838849566567,35.083820671339026,1
4.300571058519853,0.2774052102571501,52.488644736456436,27.043366965724335,1
6.286317441060407,0.32734228791921655,56.644510821579324,27.89889281875535,0
6.168721022529452,0.687020469120334,63.97134177423887,17.482930306961656,0
7.28616253059958,2.9520522628281727,34.93116801173775,24.791008296643827,3
6.847551690718357,0.7746558953477198,39.53447502571891,21.355053061084906,0
6.839590005396463,0.5668575954275475,45.159890031729056,27.766406850334544,0
5.719600670505628,1.1100473049651316,11.304441789854797,31.00740051596917,2
4.255860102631241,0.23182226572157338,31.661796216241797,28.911729263225876,1
6.678923684246224,0.4839453734891644,50.791949510174156,23.257109780823864,0
4.080698950243407,0.14125142676654553,58.599778751100594,37.94433233068261,1
5.991404424034054,0.3156044256728346,47.48232246357349,14.379039866505476,0
6.77962568885082,0.5268619094165449,5.705744475196848,35.30307636314375,2
7.177519572269135,0.765754922866715,13.22340474905138,39.415500629291195,2
6.3744227834382645,0.25917777517152835,47.690276903738585,27.37393582768257,0
7.415957349103323,0.9383173626321875,18.338068111304096,35.58797725628593,2
6.234445651720302,0.5973416248974396,62.73702679505815,16.057672134767294,0
4.263816855190886,0.5404075241202204,63.571123021606454,29.982656557689012,1
7.767363138578212,2.132729539095137,62.059142617616736,26.580102473938673,3
4.734696798780159,0.178619297548477,38.50495266852982,27.818297319490714,1
7.06624411231005,1.206475652678233,13.051395473536436,41.34097361843334,2
5.133176169282339,0.34458023242779345,68.48747639980024,22.33092543983168,1
6.056383472022205,0.5246244999266996,40.65315779742025,18.965655245869026,0
5.657242267324115,0.25182466986206287,12.158071254640738,28.093005719601674,2
6.201839657942801,0.7755705316121665,59.121603310765046,17.35614058274765,0
5.994162758174133,0.8064089805262405,6.81050650272182,25.018999988351897,2
4.256883813521727,0.023262553373641415,45.72085240411502,28.290110119000303,1
9.107822630180388,3.867169278708201,62.881883062172875,14.79383746888531,3
7.917896558162985,2.686580530422943,69.88128355585359,15.434997373519808,3
4.54339705571646,0.23191991893425815,51.22535525063523,18.838275140994266,1
5.933956742292333,0.4629036797346672,17.742055092762765,43.63916765870239,2
6.203736817486207,0.6458434016123905,65.76117514973744,25.064641186921985,0
7.267978848883939,0.8286644161729475,17.185223886156315,25.525475288069465,2
5.964395911682243,0.17227882868007777,13.201062190482329,22.528143912773423,2
6.4973506538030135,0.5770792653236572,56.78448404326438,18.788079343560756,0
7.273410579829507,0.42807285782139565,12.949628031714456,37.62161728380619,2
4.913629402201638,0.1036442617684618,67.98396039525682,19.5086001847093,1
5.44725859407086,0.369019031417227,51.21992993493431,11.630993210380618,1
6.863101842689559,0.15309192188745563,36.025822110131465,22.69794105157001,0
7.353415298936538,0.10146848428120674,8.739508607737076,44.281447207537944,2
4.919811435174032,0.4468110947385135,42.29410552313903,34.777319955376505,1
6.450505053714326,0.6507882910537303,36.35896333327531,25.536679942655233,0
7.633456289178662,1.468780323246925,32.564882159469924,31.049710807530328,3
6.314242626890762,0.5108150787872199,54.58506714935144,26.414368480824574,0
5.400523527355774,0.32512367897433886,58.48048055546157,17.02413765567137,1
6.492908381424086,0.05248593411210287,13.658112905836918,30.920930918338414,2
7.315372477856664,0.3671929594346548,7.187924948957817,44.12583108235516,2
5.924394810703132,0.4190078152451382,15.661144221747836,38.77224610164361,2
6.399518080051293,0.6026725185505875,10.521377128097441,44.48377192966615,2
8.543611426988438,2.329080038511348,34.836511243320864,31.03142387936122,3
6.750148026116684,0.6403826461417339,37.541761968475235,18.362376751159108,0
6.096046164571051,0.5422578221441171,44.617975980487564,23.397547909016858,0
7.143247121340836,0.1369251666418156,6.174711521331009,44.175378809766784,2
6.889921326934347,0.43589684021642133,16.024437579184855,40.39687347858516,2
7.554590292688507,2.1749970112420645,71.81981964980216,25.718926526252968,3
6.553625844494791,0.11841111790895835,57.897108172338065,22.877520766657316,0
6.7680903903758844,0.6956887536269639,56.85155159357147,15.581470949326324,0
7.512931624947008,2.9093022679356206,73.32854302924531,22.102509764857,3
8.177305952986638,2.6641228761741798,56.52491157866572,27.44236650413103,3
6.923087284855169,0.4367101840678481,49.13701563040058,22.428970313784337,0
3.8277280243425467,0.5681633467998527,44.31776064332794,34.830119380719964,1
6.705507775871661,0.4824866776011126,10.999734473348413,36.65637061580444,2
8.921152932725546,2.2733869642578846,68.86861582809252,31.857799173856165,3
4.653307675437152,0.24774533377469254,57.56264187922054,16.193483756079974,1
4.898970077356618,0.24496134659336533,37.888008853091975,28.857363745354817,1
6.8727654992906615,0.4050288929362862,49.71314044597238,20.586317195614633,0
5.945063397419857,0.14221556349380285,11.64468982655133,37.80037866240799,2
6.1758138474037505,0.2810478983909401,54.52337286482182,17.841227743113905,0
5.3155697140841545,0.39841705978499886,30.434858486687364,24.54934141965778,1
6.521839380825177,0.3008787125418735,59.49969692353462,24.890826992950103,0
6.82565435797873,0.793643030329779,42.92587926325522,14.734348395286858,0
6.661358623256441,0.48236192795740085,44.09848231403071,28.49275592195751,0
5.871621835214582,0.0840390689332656,37.82712243286489,18.504217039202388,0
3.8178156591298418,0.505050519676294,64.94750923872147,24.442862303788004,1
5.96771913081445,1.1064094591039055,17.623215673982877,30.424704236760746,2
4.470097386506843,0.2245812125694236,32.59262130200276,25.81823424171132,1
8.32267147581883,3.6328133833426426,60.03448145565655,32.36446643730252,3
5.328198058973486,0.01,62.96111495942151,17.071326892710836,1
6.956943241888208,0.3955900966732192,53.78767719252105,27.553966716642762,0
5.405467393034892,0.4861014935341701,61.66952086773812,13.70039385970536,1
5.015148028437855,0.12559198479003103,67.91484620305722,19.01776362400927,1
6.521218021200707,0.2394844249788814,42.62010983367607,21.36815644956659,0
7.247581453392533,0.4069817274120932,15.998566152490353,45.41679239951788,2
7.069131880078468,3.4743025994497323,42.973135920530595,31.94312709091739,3
4.967406994403885,0.22524895240858808,42.48480292614875,36.000144153483,1
5.169931230670178,0.1574057862125413,64.41166103348081,15.754883437820112,1
7.003641255715611,0.2217950933796328,58.431786732822324,18.031973009471383,0
6.5574608588306225,0.06398403655388432,55.032315587225455,24.720092359829287,0
6.133540648962135,1.1078922302789111,7.57582464246249,42.83344537842033,2
6.582484556178132,0.4389304978597911,54.591868822276965,16.897888709035076,0
4.992741787270609,0.20052239849766323,59.51573458659063,36.69695813923127,1
4.844106624928892,0.06611673434956067,61.106187941613314,31.72865064203809,1
6.85560958038492,0.38269200682735005,46.15060343959643,27.126233036862715,0
8.342377775873759,1.9534301998566348,57.9924725416268,22.965693128082076,3
8.117968819110349,2.3638951159418533,53.4230939697269,27.483148502266335,3
4.3816315250231375,0.4951063227345063,50.93320057041832,25.508383860288653,1
6.361388715057716,0.3614655657699535,55.96370921446781,22.491866127296827,0
4.66624019854091,0.2567129291352767,49.506182871938854,33.61803612192649,1
4.143178325014261,0.3485681303626881,29.74062099582368,15.583155090372363,1
8.947966357432646,3.828917496034819,32.58889317600636,28.58878561832518,3
7.147678755962747,3.1577787034911906,57.499915940545776,20.35275437160295,3
5.747138026621568,0.8581269999388357,13.361546980141604,40.60303468394556,2
5.89776518467291,0.4456691543816643,8.47222296392987,42.30068384866156,2
7.441874783860195,0.8923854801221799,3.777046688986141,27.471443258225566,2
6.438347021226326,0.6812025594755737,59.34620071131727,16.12245284949385,0
5.774064073043912,0.19498952424529728,5.932474103067915,45.23492797308542,2
4.532473611009256,0.3163207169248539,40.62842415563335,14.911999789219047,1
5.966127491857713,0.5490677031433743,8.446267344220994,25.312637179563925,2
6.675377444372761,0.3514853960169662,54.501189784651125,14.429299082116223,0
6.662113421930465,0.7935368806030526,52.231344004247916,28.84014393629021,0
4.952929976123443,0.21806544845838044,59.39375940957707,18.982127973100212,1
6.568990779327001,0.31670097648804546,41.067766870027995,18.349321135090033,0
6.631049728104724,0.599741962056992,58.87814753318872,25.56502151542372,0
7.243834045925595,0.2772363446242562,18.00984466817441,40.68306812903162,2
4.403686389775289,0.42631674934350916,47.457961407913466,13.680480736532935,1
6.366857646730186,0.11588231668914131,55.73508909948853,28.288660663894834,0
5.292499725036422,0.4286880736906271,49.47368374164328,27.870383710305028,1
6.695167647961032,0.2773968928119062,59.83690596746123,24.49987096368092,0
5.98451107938839,0.3416202583224746,42.871414482479125,15.88025276149376,0
5.975451413906236,0.6539170530135691,53.495409295575776,27.38644036600854,0
6.825290907337073,0.4608429686447541,18.49269643219498,34.12556130487369,2
6.491491871165385,0.5028169308811496,47.88658205493717,19.941606945744397,0
5.592623354673816,0.04229519187815181,6.491941750710486,31.286382291957537,2
6.073615430996082,0.2017493467095876,62.575390582250165,19.424036615761317,0
4.735339720036345,0.49826293718497905,40.77821237191186,13.298404472431237,1
7.118309736541198,0.7274555004221537,41.9157207766098,17.164430557196713,0
5.333108874546596,0.30161989968560665,71.31124263048149,19.15517812301523,1
8.834024068411438,2.072739590599355,80.48604502602872,24.38861950239527,3
7.239509608169419,0.583791876028004,8.99606597118414,28.886943932449192,2
7.119550650502104,3.451588430944848,53.982939059440355,19.435506503015898,3
5.223364245204072,0.2593042556049241,27.10476440158848,18.8844976682233,1
6.449917746274417,0.5389357660422069,44.577705824258175,20.825218642997932,0
8.613411294558622,2.945191823658125,71.0423786120577,20.21293568597771,3
4.507698913993096,0.3565671883463799,42.58465995938256,20.850723256159608,1
6.210352591011331,0.6029744059318303,57.46130890868711,27.324118861417634,0
8.171096817531017,4.35331071169547,64.16336175709708,32.39731850555512,3
8.109015861997452,2.469748340463877,47.42963215863286,31.4280743416463,3
6.663372502632263,0.6442048041354635,61.13116700336641,27.550566473348667,0
7.104935373643088,0.14544023709411866,2.0,45.86840932366172,2
5.286872177300865,0.37267575963626903,71.67851034247424,27.2968437939294,1
6.847207971991853,0.1640544779668695,9.924163599145757,28.363970639853168,2
4.4243625132731825,0.4230611517335237,47.09497797778721,29.36113221000151,1
7.214633946267844,0.14305662483438564,5.2763710675330175,44.377315202701865,2
4.837304054314593,0.2206602451055212,69.06179329238076,16.713379700097008,1
5.109144268436572,0.5269799494985546,66.7614095763017,34.906997467164906,1
8.55581756014382,4.087427695887976,56.100042298187155,30.131906665875356,3
4.176953907959304,0.3227329783028284,47.48104064454251,27.061589759050374,1
4.653031977225555,0.26009473070307687,37.090090982888015,19.95916652404032,1
4.978093848878951,0.11016451708136317,31.884474884258267,14.19547261371844,1
8.050954333012616,2.752574993179628,64.09883325299722,29.143560655592776,3
5.697002007256032,0.23603153716342076,9.394737119215563,22.437683366981904,2
4.6168587263324845,0.44602349696769017,32.39997747035229,13.798676906738734,1
5.439897839687482,0.3385000905321919,69.33661724725316,33.32056667306922,1
6.9061305098978,0.48782656558429544,51.84998744459205,16.567188488569453,0
6.1994321601553795,0.5308261818735582,40.988101865921266,16.713009132596405,0
6.575149862817026,1.1170029748098182,9.730575758393085,34.06178259496856,2
6.344449425880938,0.2179938057842199,51.55950497556945,24.84349225311643,0
5.866063942164679,0.25068105262807894,52.87813438642203,22.76695446851363,0
7.100637763476286,0.7447560592236591,53.62045363223273,16.600186678376584,0
4.686807651224933,0.1832230764485564,42.4982759026906,24.65579928796562,1
4.063887587086572,0.18900312808566308,53.92864912900459,23.994431924826817,1
6.190104181292574,0.6748695814201519,37.99744891256186,25.92538639703389,0
7.163384315022854,0.01,14.5007916543369,30.638121895644986,2
8.90607092846266,4.176182609395297,66.7650009891257,29.157139749207868,3
6.831435454800456,0.21054642609475238,49.09111002656481,24.637437995293972,0
7.317506011573068,0.35266845092263455,43.00219033997354,14.934986181807444,0
5.094432437968318,0.26029161532849693,69.16008165387926,18.91905997993012,1
5.843764478901819,0.5901914227137357,45.42597467194347,23.883135857791935,0
6.694552747514567,0.292491104043463,45.19068805710842,23.700046863811185,0
6.71417718200484,1.1117568821009565,18.9271501229969,37.19592200853537,2
7.233106976948077,0.8032220346348896,13.331515557644337,27.118703962322204,2
4.950489668557619,0.3553079409356756,43.9480643400778,15.52720703817938,1
6.61467839983586,0.3249051318022387,56.3607448111853,27.954435272590107,0
7.828431554082618,2.146389082963562,35.73078443115536,25.616185346916296,3
6.858330944106217,0.5086262127773465,54.551223103526915,20.3447144784514,0
5.981390625220819,0.22578199974296506,42.142281052731946,22.230666577205238,0
6.5737137150818965,0.3134010448038919,35.16530195728583,26.453669618320973,0
5.379643228729762,0.3118975783467192,67.93533331595403,24.36582043595536,1
7.8932456091213385,2.335364909343396,49.364300336003915,33.27434612089698,3
4.082042401372123,0.39101241287461913,26.945645457751432,35.61847495504621,1
6.470312344196963,0.06785393627450889,38.71580738550989,21.086773837410636,0
6.10981786435635,0.48600010635484997,54.972022185600494,25.1434509021961,0
4.657222203283769,0.482886779740356,51.939874630474755,20.354630248021017,1
4.208481063941036,0.2956284797731014,51.179264141777686,19.661504917882016,1
6.593792319080123,0.44080949466226765,37.94385760120978,16.319779585847588,0
6.244961476875921,0.35987886249683887,48.89161708938897,24.501743755377632,0
5.44355287033112,0.39687691840439876,43.4417964988859,21.822703342811607,1
8.74603687034151,4.251323137847585,75.24453632179144,33.75152367945564,3
8.564987217496496,1.9737475239240996,70.33449978884943,18.346049948979093,3
6.675282542120197,0.44828619480688814,36.17594765389714,17.37550882307579,0
7.070655705221926,0.8326108175015561,58.01637461232205,24.901162339943046,0
6.4786641485788765,1.0907272904091487,9.764293719232057,37.3210672516983,2
6.066905532330305,0.35228633289976985,55.69070609353945,18.594945021764122,0
8.300071694554063,3.3629587569012327,69.04363367998153,17.255134809857598,3
6.30557842653865,0.647585452269546,40.2591091950249,16.17716424755757,0
6.7339125862965785,1.1767238173098042,16.28059258571343,37.58447171542997,2
6.773576253944575,0.6806210551837187,12.574903536879894,30.932069544140262,2
7.375593293972817,4.502123949692176,74.20473058519735,19.29705706144929,3
6.749762043963998,0.7189526791089922,67.63500236322416,23.776806223567537,0
5.486679457736404,0.3575745633583839,66.527213721957,24.482299996497876,1
4.520161905172938,0.11905146568772662,50.693024968190706,24.08429921654944,1
6.726909821666913,0.15970063439357898,21.48726044484275,43.63709301551144,2
6.2438007667339885,0.1447751381420778,58.48166267778885,18.530860865799145,0
5.4849191784726665,0.09173394437541883,46.52676899961254,13.5774365653498,1
5.866776896194926,0.7142122963559769,10.66104145356993,35.891458379185124,2
6.107217571702263,0.24036053146176678,53.17830963847871,28.85463019289055,0
4.128875171663503,0.2713494139378176,23.741741309128056,14.040524496520595,1
5.609862865140638,0.6711123034596728,8.351923382804173,41.980502183206596,2
6.726723020405782,0.26223704791937763,40.99592490243114,26.685094095959073,0
5.173428299631606,0.2233089702150151,62.107017320275425,29.971828329298745,1
6.891404847691872,2.546774662065555,45.39075769199456,16.51725991528354,3
5.234686729664855,0.12155516510665729,23.68866947790255,35.32579057656679,1
7.146556985624762,0.5903996108233492,7.191826061884553,36.98935186245678,2
4.172743310847982,0.10937018311069521,58.41935491125528,12.633541053300203,1
6.292778314481891,0.5613219548870186,56.285151213923825,19.467111646410736,0
5.346613820591324,0.08799928924174025,43.7596844742922,14.829295654848034,1
6.444528328197426,0.47598978252389623,54.568718084330534,24.977310252579905,0
6.314500278624407,0.9447771745401597,5.743542822949869,34.47324514356112,2
4.711732321731141,0.2364441802878992,67.69515035700768,19.321206358987357,1
6.274739302750641,0.2840600808026046,56.37400210885592,20.757579400978415,0
6.071183305651628,0.3808489537834636,58.52696828258812,18.00767844551318,0
7.410994676980394,2.213569774257209,68.81170074925045,32.55063394455168,3
5.2469197917393995,0.16626449342073304,33.603240982746705,17.83807310917944,1
6.521120387875048,0.6340750967424762,39.86444440549691,24.334575207881855,0
7.56312073042917,4.4405690000018545,32.835155076919506,17.933574379844515,3
6.2087103002043635,0.39300023127647576,50.79528333832314,22.04062515858562,0
6.6085248358588915,0.66521443051874,8.677356261947976,26.789064764210025,2
4.847675030098487,0.3956469393195839,58.49523620705048,21.862830630990572,1
6.934757844332154,0.12712020004225213,3.0218686430664565,27.00371817754316,2
5.918336903079496,0.18382590196927606,64.78885273659243,31.318453825556354,0
5.998261115573415,0.6848635035085191,45.57653061945107,20.946057537288734,0
6.142419187399734,0.1209150667641539,45.47579658680845,22.243773088011615,0
4.027283615036759,0.5727549038606556,69.78744555446468,31.886685469085272,1
6.228878777411056,0.7859083260107868,11.219438231555554,39.84346442867444,2
7.221984810971961,4.289631816570264,46.43189486488423,27.97431193260803,3
6.499734453477521,0.6750130323383383,51.453572596412336,23.02987057204625,0
5.879306940267355,0.8145203958544437,14.757646966434256,39.14852454596797,2
7.7591786631696085,4.236671153738862,34.75878744066038,16.509323814253474,3
8.816911863618328,1.5469819000491707,55.30314954859373,21.082316486642565,3
6.648604441037648,0.4209958283096681,54.314103211326966,17.116235518885457,0
6.782207562801787,0.5189503861762254,56.47625676862389,15.66594642676236,0
7.209946034463082,0.29499841140350774,13.515838961522032,24.175928581493114,2
6.8606350845070825,0.7422785111152609,51.11187160178021,19.248123510564504,0
8.341037505852263,3.375944926962597,35.189094083723376,34.46279853829951,3
6.973049732648281,0.9113983030264251,15.850420776887468,36.92485268919776,2
7.015164275611931,0.7886248172009974,57.79358536138393,21.966026535327558,0
7.00477819585631,0.5931255243059572,12.739120522865136,36.56718915099815,2
5.687123963499676,0.6887467071152056,3.6788357769831075,24.08738581485775,2
6.180378731799668,0.23327574642806218,37.88678156657642,19.75181164542074,0
6.76673570909662,0.5760423832491186,38.13296455281321,28.706774531076356,0
8.225132266111528,2.035856362152192,41.01669625690352,35.47779331480433,3
6.449650828557458,0.8760396552678827,38.022096371889425,27.309614518973508,0
6.122892465365577,0.4493759466178383,59.57860155358344,29.123929308383527,0
4.769090283667914,0.01,58.7254480140499,34.21372823379485,1
6.372012226680479,0.24878477323800852,6.51741110991893,31.40166490781408,2
5.804586970438383,0.3641680210853373,12.150675994687198,35.886897642230146,2
5.896957258406215,0.8587468661109849,7.460799795250728,32.29407895527352,2
6.442260267750681,0.15879672795451016,59.43665695635324,28.486939192324844,0
6.321529260679971,0.3003830115024384,55.3654742106886,30.227279892869955,0
6.762650071630644,0.7994448860897588,37.99052860677363,25.794005041170564,0
8.344278470468021,4.184831519541276,33.89119762218935,26.428403874358217,3
7.3225988743618355,3.38433688244123,67.09847478017882,20.44847463589815,3
6.985020760891615,0.11755750040396329,35.48563159007888,19.519558359079387,0
6.444364058363621,0.42299411337429904,54.427526141553315,21.221553103666043,0
6.1864180831765,0.6483937201109646,51.292040367456124,27.007040546659326,0
8.171685723411974,2.1383176770365013,42.2842612874992,33.35242525279431,3
5.59953872678612,0.9159141518350443,16.979223838162213,28.077798926377078,2
3.878685293413786,0.25962840826392575,58.6986979987016,19.354143319033042,1
9.015587141904758,2.621617702489091,41.36360292356307,32.25627457924208,3
5.283210201325574,0.16928946886715762,62.20184852442693,19.314160152422783,1
6.3141117002342835,1.1126795388950885,11.710314480275544,40.56111050948932,2
4.333921292240413,0.264666919200098,54.22851546779972,23.19996801151389,1
6.737927610962194,0.2521211050823275,48.29127674102714,16.76443853220237,0
4.748238590737149,0.27362301394499217,66.356346288514,20.40692973805862,1
7.683419874097407,1.1103981081881547,7.597295829340399,41.693176022343955,2
4.342174760194311,0.1530061711852958,43.66146134598011,30.275370597549124,1
4.66375243979898,0.21407056918651238,72.09331279229168,22.399965287101228,1
4.564762644036498,0.3927791045561357,56.60271418315773,19.75693156176198,1
6.377973689549198,0.543038633920218,40.78581685120541,16.692133748102204,0
6.537341433511904,0.6331749897474551,20.362168288132487,35.09203680632508,2
5.918071990465549,1.1545656473051094,17.202557753428668,22.672068732797836,2
8.74452101137183,3.6629199608628378,65.26898629629432,23.693281559312688,3
5.947106020948447,0.7682754023007436,19.456769469260262,25.89755073067653,2
6.9145496856281605,0.4619288629330659,40.575822260521996,29.6481027801204,0
7.17569959453876,1.077965880171183,9.337631217547143,37.75604642734638,2
6.32140807006087,0.2896825781141069,43.02613070311274,26.084676334895192,0
6.646784376038718,0.4241803053284514,37.38543963819605,19.16763301234703,0
4.377396953657812,0.35342622831537995,67.77204200821373,21.594461348599175,1
6.299997129417646,0.4092882143059551,41.626976149105275,26.169400449657978,0
8.858567822549277,3.131740378766353,37.238795878105755,28.992266894542862,3
6.257338299806402,0.6073316253844697,46.007759381500065,24.764584647176655,0
6.949678090476177,0.6743289840642733,4.786582543374652,29.381048049718533,2
5.40310833873091,0.30611238426780274,50.53527938770011,31.630110714892528,1
6.712587202286369,0.8240054675158487,58.01462549246572,27.12377840193775,0
6.029561548279656,0.6603353058477758,39.412105786890606,18.608472614845482,0
6.9415949800551955,0.1741903496322371,16.034461798508502,44.29486008241942,2
6.8367595365886356,0.3452435283435875,50.48130751528236,20.50816558221617,0
6.678358756803698,0.3600423559636948,54.17379823408944,22.027468243089977,0
7.479188637763314,1.846270046804188,69.0857632302222,16.967906771691172,3
6.556656395252894,0.2674872340112854,53.94779207784264,19.639865973754144,0
6.4292252312431115,0.671875939276051,42.052588991311936,14.795252477159147,0
5.592700800768069,0.10063218370008276,65.43555505241089,33.72631440667885,1
7.16026300386683,3.2029541634497765,53.376548411731044,16.985406288396028,3
6.848079692388409,0.8100064941532833,14.591880322031049,31.2535612620429,2
6.853014058540903,0.8026521950152965,65.11841310473737,20.266467660743455,0
7.377396854824315,3.085741367409347,46.893106547677235,26.054439118466593,3
4.847524489614802,0.4949634965547318,66.94990960194649,22.39891279313994,1
6.7730474227286255,0.4145488710205212,61.22180126601569,25.8039312270816,0
5.71607519636135,1.1308795725311358,10.560533534147961,27.148401663920986,2
6.69010186018439,0.1563520984685135,48.106157764913206,17.404900248068586,0
7.385536171631698,2.4485587454882927,58.44545960606166,21.310283834487937,3
6.621962854093316,1.212266806769721,13.750575362694967,30.47503866138595,2
5.338960645412413,0.2912905795666414,71.09031421910751,33.096190103041494,1
5.960038875798154,0.28617520717653944,35.76757655813689,22.699702008454135,0
6.60157982311845,0.14360259148569138,61.596114763199274,28.50729687826591,0
5.7007013466432435,1.0632042746178851,6.190266529975375,39.36914559998939,2
7.011467574055721,0.7900034502349662,10.936519029679783,39.16551788826455,2
6.5352915684786,0.6968660781094506,40.88982336577878,24.939609446482496,0
6.575364346876148,0.24917769159861738,62.39815684224338,21.293445592193567,0
8.351389731024494,1.7632738498389078,47.68106230764663,21.54307023229231,3
8.508867995936365,3.6441105691488445,77.67058571141281,28.00488328926797,3
6.270911646014211,1.1256925202791477,8.666879916087781,32.496168502568416,2
3.9895309547365705,0.2621051609343869,66.45087632949827,33.10569871992746,1
6.12429538873205,0.18463907280385522,44.459451397733325,22.231238456677453,0
6.2027637880697135,0.598680143085597,64.32458694650138,18.388824064806272,0
4.301094471334709,0.4150632799071557,67.41348873888037,19.064192854316573,1
6.104451066771787,0.15557810905390418,55.45147030110393,19.03745965276936,0
6.571658102895627,0.8750008161900183,55.64381737265244,24.39905362781642,0
6.475912075315127,0.2532726933328163,63.718028407546655,17.988827440161316,0
7.939992246699716,3.7044609485666307,79.12900515761145,21.33769937069136,3
6.37068762456785,0.713560810454495,54.456701780105135,26.415548622841108,0
4.222239815839862,0.3645854068439521,24.327824058402975,13.847386374885636,1
6.388636318947994,0.5111002664370451,36.58542047423387,25.459107751136525,0
6.3220982149433596,0.1836485440145436,8.252567541082342,41.75955501381599,2
7.819164631194977,3.711632053842278,55.889738307914534,30.105487352110863,3
6.424159545780793,0.4468341863268681,64.94853935688539,27.418088572926166,0
8.386380159702814,2.2507887238263313,40.871086191700655,29.789599990868894,3
6.505960803710352,0.6942964363094812,7.1834713008927835,29.46075356244687,2
5.668426986019426,0.530662110122635,11.571935724089272,27.371129080033835,2
6.3414051462147505,0.14191901556726277,34.30341086376432,17.005642142398262,0
8.75584966512978,2.6825920338728064,53.81101247493908,33.31272335128953,3
8.284520985105589,1.8902613491931952,77.55715106795385,22.403196137293506,3
7.1445865490556555,1.028196914125861,7.776187015495789,25.460107834705006,2
7.029511853920499,0.4899485343046743,11.807128679073411,44.993260592578764,2
4.065852426196336,0.5792261452509468,35.94446908746548,12.293462925151953,1
6.1525849888065745,0.3083134364582653,52.716106030696956,27.275914080943835,0
6.341529714046164,0.7282462206595173,17.706526802085595,32.999316310602474,2
5.9740414620456015,0.32495659773647745,15.76687752110289,37.47881483697894,2
4.884430567009365,0.49826476531279495,28.410324912921975,25.352340548600203,1
6.796374930552716,0.7244260160963677,56.22594660151273,22.706852129637674,0
6.683220084749427,0.3488990262208042,16.31516739374612,36.124463385564574,2
6.825410549033399,0.7084763551290403,36.70283639587905,23.98211573734363,0
7.086455709221045,0.575179167214842,19.589225759818085,28.823481165323475,2
8.625020085834512,3.308036535982607,45.88862558871688,29.419276922443256,3
6.635365954098087,0.4292367793457144,14.527473835326678,37.42069202045509,2
6.385688795494625,0.6366036268136462,44.55368582550204,22.27604909567624,0
5.380750799702924,0.31615652453208787,39.58809837787246,15.714597140551392,1
5.905186489536604,0.7161575988140035,52.38169462662966,19.08892569688317,0
4.831556404761556,0.4584949970836413,29.576079891506495,16.320108651093236,1
4.199969338061804,0.4497783080083137,50.14558965212141,25.262640603688148,1
7.7311640469661365,3.6518557930950197,64.85318348120492,35.17902726348175,3
6.861818600285441,0.7604405366032674,60.96061541175574,21.530331156536665,0
6.482853603875369,0.2604018124752374,43.72593719200492,24.488937431946496,0
4.165015449855961,0.4188057515915541,72.90383507448831,25.99505791703919,1
6.754768490852226,0.3732514452835911,49.30870995230742,27.79216897329404,0
4.724559394653181,0.4152428999296267,28.46368899975817,33.81701365792809,1
6.280330851164104,0.6642438532411025,61.65783042686712,20.13431848213305,0
6.6779127124906585,0.2750722318100217,52.505671830207426,24.346596390866466,0
5.00157939019684,0.35508104281233793,51.51327362269392,24.864533616662072,1
6.9790597648937736,3.993195666586829,76.0936153863248,16.171771362285916,3
6.515289737499479,0.4468721598268451,53.38261803457777,29.686984313689848,0
5.406278844064095,0.40011193159516273,33.52455623423961,20.263488424960002,1
5.648563675235314,0.17702502942555795,46.69316037828069,19.471551788189224,1
6.203292619217634,0.43870372440597477,58.92692613343437,26.264081973902442,0
4.217740935665255,0.26367823873635154,34.77472577877675,17.563422409543676,1
7.0067563844378835,3.4274113988572643,46.83786656240272,32.18654151952871,3
4.527202496932648,0.5538649803406989,72.09381310185172,12.177308887044967,1
6.4204128222455,0.6236871215104235,46.54371140901901,23.611292498489536,0
6.9762342062742455,0.5303746736046641,12.32157412566215,37.50923458804292,2
6.734270568022113,0.6801476717108672,51.04725987142761,21.985702107454625,0
5.896615896723573,0.5821021178685866,39.393187223484645,20.211542617798553,0
6.075487511759748,0.6876969572670828,57.83579352862494,29.043534319393117,0
8.926159084150408,4.544558463766695,66.2172599692813,17.745184017174534,3
6.213809436112606,0.21700152176915047,53.56430938740742,25.070722197624185,0
6.735623326042699,0.5180196525795688,60.15948702876974,26.62010905891773,0
6.200916126484,0.07277612398739004,9.127584358132202,28.34490288375477,2
6.498150337776242,0.499509446898976,54.95447619416333,15.651181700079144,0
6.7040785284840325,0.20182404613392835,17.610239900942403,22.327822472061587,2
7.77105963479639,2.017660988917577,43.65278565019643,27.12356892799496,3
6.720934024950722,0.6263550501739118,11.202389047659082,42.61569751278721,2
5.246906139017494,0.19733673363745544,46.58357305752998,13.311103982693586,1
4.3041051970517215,0.43122927626046254,63.22698664331363,34.18317115238326,1
7.574733336045402,0.25804930184577507,18.57593726069675,24.99385663323489,2
6.387588020245046,0.6803700695107296,56.69621536792947,16.6620250070649,0
7.382023752358805,0.4664775641568392,16.56616324399099,23.725452528391045,2
5.28293102251697,0.33257890518200256,36.16167816023631,34.479555806932915,1
6.873801539624433,0.591787877983401,60.47331469615025,20.72497287026097,0
8.011853632637418,1.6400432475461562,44.05164489766432,32.920754200741484,3
8.73670883328642,1.869259058756132,70.2160496008256,18.479058623255977,3
5.447671652720362,0.34187328156411456,22.92390132828857,32.061108314652,1
4.215441530538667,0.5271002369432173,67.11226530120034,21.100939530332855,1
6.324794046230401,0.3874328634812396,36.17677651002114,20.524693297179702,0
7.128030230992369,1.139294313046655,12.039086021091675,25.190289103355155,2
6.2257500988289465,0.7143747689159953,44.313948024680776,29.353053680109713,0
6.222481755331643,0.40545583364923704,54.577856989928414,27.09567056256707,0
5.629960290494505,0.08211415736036612,17.639209253148188,23.710170231982865,2
6.285440200185862,0.4818949307569662,48.05786515117139,15.287947450850673,0
7.357713733150657,0.28737266209859424,21.493874490614136,41.060553118614784,2
6.7224262556346766,0.18003098626624883,56.290263855901856,26.668950704738382,0
4.54055069419552,0.2610553381203261,53.47343277636772,31.47094986579274,1
5.893362088964835,0.8881987100764602,19.39355967987232,45.30375697424151,2
4.4356234034902835,0.5156482541827455,68.99255450866052,23.23267305560153,1
5.112917562299225,0.11003794512624657,28.797922781773195,24.424732412044474,1
6.415339064307476,0.33403411785076065,47.474688264568215,28.209473576818397,0
7.404463285127976,1.2542555032059348,20.04599251504019,37.484331316701265,2
6.900519994618634,0.704411143020262,48.46094875582091,27.297009683344307,0
5.004015557917915,0.08264979893637901,26.65934463554526,17.136428137479204,1
8.221036943043565,3.2346655780796967,50.82794442440128,21.23065435587322,3
5.955627911014083,0.48796676326270894,9.284297235505798,43.523710065582385,2
6.875850453449797,0.6119134108263447,36.64037676870106,31.01195916401081,0
8.829905880390688,4.3611739226460084,35.74272974346931,34.0748108305663,3
7.27336214220315,0.4733001173334166,18.58041053819537,27.161129403960103,2
6.317201692927776,0.6113025269395522,49.26909118586106,18.99696756268041,0
6.278366458521309,0.6111652670576031,48.670852916054514,18.67201866748687,0
6.988628933210128,0.1325207193903702,47.07968513432037,18.054652590657135,0
5.1138148462259165,0.21259839683744558,39.75869665443989,30.965418387143757,1
5.444218456343223,0.42603993448057936,53.3994120139736,25.975591880999183,1
6.491741983623187,0.539495929418968,61.584091478275916,26.454985193066843,0
6.209364569770706,0.28501532390462425,64.5067101120926,19.912193424375705,0
6.823008339803326,0.1914897220355311,58.32690869926732,18.892656609473924,0
4.330424863525506,0.5333206240275725,71.9851509625364,26.837098239354635,1
6.6695454295550975,0.7581846945228864,56.5355660272718,20.03852840315611,0
5.471009708903546,0.3090530783614996,28.638775778063962,34.73425873586116,1
6.752148833897655,0.4322552412050555,51.44407047922264,26.52141880594294,0
6.774260029087561,0.5725802594695194,47.97297896301963,27.215316632195734,0
4.97451687410917,0.24650119448908056,41.363374771737035,32.32799516017957,1
4.901137307757539,0.2780027367777908,61.998180889331415,34.34592912281053,1
6.331703923403345,1.0470320090110148,20.324087309109608,31.766618440701926,2
6.304010574671022,0.15535381901769188,39.11754425981882,20.317357561709972,0
6.109481933317827,0.3622136914040515,42.7336008526211,21.52175634533166,0
6.319217444034894,0.6874085484338973,36.077522038838076,16.74611604476294,0
6.631444766942934,0.5359442914459646,63.873784721086835,20.33869823114321,0
6.803463550525481,0.28397957766478177,13.623841229173998,38.237005480799915,2
8.525101087955642,2.3991486852904145,58.024356404145465,17.120487803976687,3
6.188101234260238,0.9557705362409222,16.192898966131906,32.93770239857887,2
6.583357119276365,0.2669273704487511,42.68768911294987,18.848951425340623,0
6.729260239720763,0.4655920311576206,60.14546031338222,15.90442299861789,0
7.391256172377871,0.7879433316803224,19.590510047578107,30.31244360799327,2
7.315399612173813,0.47199057335456435,7.298747218735134,30.376296233213996,2
4.709805708813312,0.05839653056926511,66.51667039591499,16.731160918008545,1
6.56614724511515,0.5516012293665721,43.75245161489568,17.66195787761996,0
4.170657619205954,0.24197316573542552,47.30374131790116,36.02921479935138,1
6.7708621081760185,0.7093020786598331,46.02165114384764,23.021822280598197,0
7.48620419521901,0.24636695845430864,11.890030202720736,36.9429649365183,2
6.918321432220706,0.6008839916051691,35.139032075609066,19.365408214047235,0
8.351685930802056,3.9063210807552218,74.5147329369774,29.3967747495943,3
6.306936199756709,0.6177317532408462,46.936892034534175,22.153601736293453,0
4.187009546163908,0.3774990741094731,32.42245905651332,27.07020027540358,1
4.706010977693544,0.4591688595299107,25.3681300135002,31.092503681942866,1
6.499452911326795,0.8440648385190436,17.954821642937446,39.57701559355877,2
6.088269814261818,0.40614495249134946,39.80162970844991,15.62445623285247,0
6.802618272178375,0.9615093081749249,17.087146938700705,25.06701420963877,2
7.068500542444881,0.7467126052910146,53.336303245947384,25.615458881595853,0
8.033755637981171,4.265612140284746,50.48673285870382,30.988883311289,3
6.910197824273285,0.29123811827233437,61.1043317650046,19.3591340259215,0
5.440755052602381,0.2673075489698985,29.444537572527764,23.53101889758409,1
6.662772340532686,0.1434483029548666,6.067267567617895,42.0889063042356,2
6.4593552532225536,0.8324142904085281,7.6278780015028715,40.039358371536835,2
7.418486508059114,1.8784003138032854,75.00468439570774,29.508806764059493,3
6.769080280782795,0.8952264458146529,19.44692604885484,31.339159538487795,2
6.520536587010285,0.5890348466688502,62.94065585130844,16.52867350643131,0
8.937748228503581,3.5477352666940947,50.996216421573195,31.546366430334647,3
4.3816221395491395,0.19164805760908343,56.40401133979738,33.08891326428495,1
6.2797220001817,0.32151839364819945,36.539706513200294,18.31346188107324,0
6.761072870753874,0.875957205250876,44.02315310435222,25.461646465377566,0
6.282908638310431,0.36625899842525106,37.47257168397184,27.167255555720512,0
7.101882337794873,1.0092836197117807,14.817896700884578,33.49832590839605,2
8.032782324576052,3.423453606362154,58.783685142018015,31.118335986090948,3
6.225099009697448,0.6822220019088967,7.203702734560161,21.020431236343377,2
4.404288256620187,0.4528675702296169,41.72205209987125,15.716141124656026,1
6.010698134758651,0.37838494649577137,41.42429634976972,21.266018369459985,0
6.731954234028832,0.14648985060824374,12.247581046392334,38.48203739572575,2
4.6491536281355685,0.4030668315514511,33.40192872567222,14.58311194359305,1
7.5544158998627156,4.357042570395121,61.300246904068345,34.30592092834977,3
6.1790561259468575,0.3294779626568602,60.96593429434583,20.43169948191341,0
6.408039330070243,0.18285078379898045,10.964857261144257,32.32956390538425,2
4.13736643411292,0.25062716772054183,43.31066621356064,26.56749422379893,1
4.295334803656817,0.01,29.94930219620951,23.08773764588693,1
4.565281676364113,0.2016328301425796,25.428010240292473,20.650479943093142,1
6.1355841360784575,0.5789779757237541,51.080445664009574,28.989839189909137,0
6.087121861753831,0.4643235406599172,52.74288325690782,22.73438105146849,0
4.817069873460563,0.08928691350231602,41.03720381741376,23.770692919157803,1
5.465796481949378,0.13593047211084905,67.36382489949945,23.852191011620015,1
4.368232742487294,0.39680664714784397,54.810354674429384,25.309204375381356,1
6.953472024952052,3.4680187122163604,66.79571448170773,16.393212408445304,3
6.17217786260686,0.6840095095747047,38.65276023270736,20.145483371140056,0
5.456994146433652,0.45181856973531265,60.25484877239187,25.23720292377978,1
4.549499330997708,0.223599970166047,71.51796918732408,29.496243083096154,1
7.755615819892064,2.4451343931686877,40.48713602598093,19.565430775176058,3
5.723209307854585,0.6114052645689295,9.86477734346356,27.425940091378997,2
4.7084664424489135,0.47304233250591077,72.18136052623142,27.120931649676592,1
6.6891203708635665,0.5436875167838665,48.65796423052462,20.93790159549284,0
8.337397965258972,2.7209365535636354,77.22689539306663,33.89576543317912,3
6.397237594194842,0.7069577319958302,55.918699163625554,28.359311577756205,0
5.073531583151781,0.14259540931966863,53.82897858823024,15.292936979324756,1
5.35140607452546,0.21183791577609398,75.65856262971819,28.176329258336985,1
4.1943667817610875,0.23360633428460986,63.1059845918217,37.44983674473246,1
7.046402510722083,0.45516642017109515,16.1403166528376,22.319577269577625,2
4.637949202467294,0.31504025600532987,53.866350499551416,15.866006360618421,1
4.410201907420815,0.3169855763469863,28.959121593294405,34.575804186175716,1
7.985358841825855,2.2049315121347237,30.841925633478102,19.820310430432876,3
7.539669100674253,2.200914016188272,72.6826798930094,22.29448353036508,3
8.603201425313172,3.899004083739085,61.509777253020935,30.499679145131957,3
6.2113461815852125,0.7090873369539028,37.58535673119549,26.49802699870567,0
6.1247492876377985,0.3116508758992873,33.18309726000472,17.52628743858935,0
6.329043201697173,0.5819923495601659,59.21798899128175,28.29727113644292,0
4.978604188465636,0.3707750040820979,33.465375122945666,24.078971002648363,1
6.701153515482968,0.611901299190369,51.30710335031826,28.112397403865238,0
4.357361365758791,0.3377297780669933,65.51622565926745,27.670027102206543,1
8.072193526340069,2.860510146953476,57.38166077101839,20.063407265653264,3
7.270017126564434,4.218384640161627,69.34181000889791,21.308562610082827,3
6.2660979084271675,0.25420188474274436,46.50123491323662,16.572121339518187,0
6.374594100377031,0.6827781279958858,6.095477072170098,26.753108667108965,2
6.488108001278461,0.2749276847735554,49.66916719669825,18.940320602373152,0
8.027665662022887,3.1187941025806523,47.25822793511821,25.730111559723696,3
4.199934842761813,0.7198307776654893,32.73503797492774,15.072196794837113,1
4.028320477294694,0.3790165208809247,57.19960648158063,19.66297459181245,1
5.9935982180613925,0.38402214992752937,43.194811277177976,27.210098718128943,0
4.0909357916048,0.054000669883794525,52.72626323566068,25.545009116229622,1
8.050596632771136,2.543285828272026,54.17147774925451,14.364273227312424,3
4.487638550849365,0.4014422492112878,35.041407339915324,19.314498239987916,1
5.335418567191702,0.3583470149034489,42.7018605461856,13.70829773879058,1
6.96510366043023,0.20537838864816035,64.25093690782415,28.94912546880123,0
5.321098423362364,0.2272500631929433,28.001521164512972,22.292051751306026,1
5.010306792459605,0.33309559395390337,58.22206837189942,12.716339664177921,1
7.034504115354914,0.8450693411789351,12.981078478736576,22.158534381163896,2
6.365504740044357,0.29953743635789565,12.296886204388835,25.475233464823972,2
6.301366547376962,0.4970797261831731,60.13320629043271,21.25882034998029,0
4.185486245145513,0.41857110192637836,51.64173803050901,30.199998334749637,1
6.364547326793243,0.8726853626440647,44.72502895546906,18.397130676038294,0
4.48270805521625,0.4791442781287695,42.61996884559212,14.958991796260705,1
7.795288181487229,2.3750429816452527,36.20991456503543,32.57994409332866,3
7.7377984665105615,2.4175553421125686,71.66720972556175,16.79907967916467,3
5.541181311897258,0.4661338072060606,22.301527479403354,31.28988593726869,2
7.041504881862502,4.5051358250202655,42.921408352351385,21.738764275885316,3
7.51966893280474,0.8894125861891394,18.887427243124538,37.45837161048199,2
6.4618157427996366,0.4232117711134681,44.89419218505391,25.759941505256204,0
5.42135464989479,0.22115578726953222,52.514998605515544,20.843903818098973,1
6.808809814099237,0.4441499605608337,37.21998657853428,22.249284235537235,0
6.21638429656349,0.9463669585180331,10.867862350120507,30.8561304016494,2
6.185002067188661,0.8225002043216737,14.546274056097012,29.992431708565235,2
6.16730621680959,0.44199910218249305,57.90954844274717,25.146670813948894,0
5.840582442995122,0.7085689665543935,46.00086608269507,29.399866604173376,0
8.071950584478495,4.181879558388751,47.84812373482461,16.69380009012371,3
4.566116445984897,0.5273269294919237,35.37136790891018,13.69960510833983,1
8.66607738622263,2.19316395364558,51.11699029117134,18.158308126307674,3
5.887425061813909,0.9796606752341362,7.188680919967876,41.343410587703346,2
7.624869131047353,3.9505141145912903,44.1664409512438,24.454325051261016,3
6.611444693095022,0.4881365853682302,61.285505969953405,21.65314965003357,0
6.958446749897055,0.9407340997268002,11.360086212787177,41.280004905055144,2
7.618098313296014,3.14339287682781,41.783097781535844,31.406770550758946,3
4.931192400519661,0.3257608655734426,36.64793076243409,31.26637390947561,1
5.193466712085179,0.3957755043726036,34.33820927699774,23.930261659589167,1
5.694068785324866,0.3605857833082403,61.91240799797216,17.289104417914615,1
6.484203741677536,0.7855997488562985,58.6265267279029,21.875303364293657,0
6.424251227865976,0.3677414880648251,54.32891690082464,19.11103241563429,0
5.3587931397938,0.5093230685703195,52.08073337788087,33.39344429855024,1
6.6209372378492155,0.12826883796275163,5.916954315567487,35.17030584426578,2
5.933996072098864,0.768687684747342,7.353533368269083,32.29286030669057,2
5.303133858744809,0.34474369949228656,25.67816836621934,18.17673694361748,1
7.286844737181901,0.978341595894103,7.690109768752434,30.50511718378457,2
6.098218461153347,0.6165861682731999,53.22379689114343,27.046171806799887,0
7.459482348326364,0.7478648673266904,15.800603270389978,37.39775883001502,2
4.965390166916543,0.4029369274241232,41.86735173259883,34.6720404457627,1
7.155727323690892,0.30670667839806637,61.05549418773664,18.164368317509517,0
4.927886268997172,0.2070592129332255,58.3471265490171,20.814077066869242,1
7.023296698671472,0.6896424694815697,11.818702975037349,34.997118641567816,2
5.883198720826266,0.3150418706761661,9.524382845905652,45.14371260568067,2
7.225313429450185,0.448646604480194,14.101365754308231,23.0624661990192,2
4.778044566114035,0.08002815429435095,40.307095841697425,11.481428212854206,1
4.498327783661713,0.26861153582849956,76.98070176731932,19.982908841576275,1
5.0598885155000115,0.20287343051609621,54.1208869259835,14.933925428372744,1
5.039201997976049,0.1945954668817533,37.71811285443793,32.24479635115497,1
6.390045207330401,0.5563680097199853,6.29565335900972,27.72264084242465,2
5.160248099279665,0.3156960309265265,39.17242786630154,34.34862565808874,1
4.981395188085566,0.363583408527285,42.82397437830661,25.48250589628263,1
6.198396388143534,0.18453939509382805,36.94419463145808,16.010662125629327,0
7.09981459975492,3.618661481328343,37.60397365362242,27.497435914453092,3
5.881397683011461,0.448467220047031,10.01474199464934,34.48178472816043,2
5.722886045457348,0.3006591653885431,11.744277606348273,30.352082013565635,2
4.1515149909872004,0.39448895308606097,45.350189057254084,29.271578609745013,1
6.611105042873151,0.5421621927614967,56.46078906870788,16.350253846991166,0
7.370470085262797,0.7058201444595802,15.053726377043311,27.69181492563526,2
6.297710628133579,0.6482783686320974,44.74267387788175,20.50479229583935,0
7.565284808765359,3.613060558720899,54.6483775021524,27.40492685959523,3
6.516486221365714,0.6604367583915269,55.67194075407087,29.734974047546775,0
4.77275875851993,0.38692603413811677,66.98892253468283,24.556962863070705,1
6.338232177517039,0.4783811080402756,47.48437202960827,21.915467432169404,0
6.0425653343766905,0.6959769673016001,42.30310961018687,17.782450069493095,0
7.476634315945155,2.577814264276821,37.48035953252253,25.996062304138857,3
7.899637473317697,3.916216240753851,37.53954229674224,33.69329291631518,3
6.235550457810327,0.4961752059573137,35.84541791319961,25.457551616052758,0
5.476425450243324,0.5346264681321411,3.9745372920758855,27.5752946655414,2
7.011525521421449,0.1339123765713246,14.473162093865952,25.185731775687103,2
6.146789917839911,0.2701760814310078,66.53723136175516,30.17726202370606,0
6.792450780053002,0.7978472493840244,47.74308521208264,22.73597855558708,0
7.044734472417226,2.5687318164687727,61.68496389311437,31.946689711109,3
8.09906891048024,3.6988504922220176,48.469562222695764,17.14538628494774,3
7.38340745707967,3.924619161014264,64.52193775287266,35.27167978011923,3
6.206045369946061,0.7408311664388438,52.13802166886262,18.760181222278966,0
6.843815562497909,0.5844229571830133,45.86824157234531,17.08331172588445,0
4.560926059008945,0.5860054030233804,51.699889534271186,30.588957034879716,1
4.196937372882015,0.04119834261734913,34.710182284936394,35.81760768847371,1
6.3279734617064864,0.3825261208103474,12.476792201497412,32.68621529878349,2
4.229605544630554,0.24670727494189448,42.072661401325554,31.42713110068838,1
3.9651980397154394,0.44473112927684477,25.83549410375124,18.494953818972004,1
4.697318844725226,0.1764540542425929,48.59027784639601,32.66748043290049,1
6.604381583729097,0.9986328906696047,9.380490670744665,26.217700280112894,2
6.282055175104326,0.1108943196819284,62.303713979287224,24.474712855195644,0
5.166499466186543,0.43892365081149126,64.01927698636504,14.029633304661557,1
7.282227978897521,4.141436424341945,79.65857509567792,30.313572206836433,3
6.388871051154598,0.23847740127728187,36.41353725567721,24.347651042697656,0
6.2426677115839135,0.475002084817987,42.347096671683154,30.478175465200607,0
6.6206070696887265,0.4938702661907428,53.051197617626755,24.949458470865956,0
4.959093649696628,0.0651910655552581,30.617446763554252,17.184890040417578,1
4.924903580182509,0.30424772847357673,66.1482208508924,23.350601541036607,1
6.84640868265997,0.5714586507552613,38.322623549996834,15.688508539195062,0
5.020076277332682,0.48745628681255104,57.86730822377246,17.583693027928415,1
5.648466239161387,0.19777109552507263,17.833064754195327,28.48582484798578,2
6.125314392049534,0.5557469306560481,54.8318951721486,26.831193423771243,0
7.088512724753836,0.4581237543801291,5.447877543659853,36.56804435884987,2
6.238418846282159,0.08647963676974268,60.667925526419,20.50022211682312,0
6.741108350377325,0.6432300477546633,55.737477051801235,18.591991051165987,0
5.339468422564325,0.2209373897563148,33.430668304809636,19.482396954271685,1
6.196195165612393,1.0185565826416765,12.081119457571548,40.67121457799697,2
5.309841019091693,0.16261385949583101,31.635830532304784,35.75194102692402,1
4.736098628340171,0.3591053753275984,46.41967920805381,37.94647767840944,1
6.862044621784991,0.6658872679157779,53.66621362809006,24.499856304423847,0
6.521123103377605,0.10406368353794201,45.27614795559681,28.497700005416856,0
5.586238941944846,0.9309480219360632,19.54892232084148,40.50362002847186,2
6.567639066279405,0.7604379375836524,39.926781583675584,19.606413977660495,0
5.25041507594478,0.4276987332282165,71.19523077481566,22.195290273198935,1
8.675373372393958,1.6814751702371058,41.21527945614814,30.84830646813547,3
6.424441103883629,0.2489932671469369,9.331797557545984,22.323619856232703,2
5.288394641392226,0.39344381614687723,40.31032737893691,35.45625554127574,1
4.173452249841172,0.5809229084631913,34.42485006362443,18.816282034954614,1
7.43364198797689,1.7526023828371877,50.198305449929535,32.11738024778835,3
7.956023346428518,2.0375602130477564,49.77324879005229,23.62712609625562,3
6.125350489472085,0.515291432420684,11.49232747446131,38.339904969821205,2
6.4377610927435,0.31537800657191095,3.5317552371638046,26.7741210257792,2
7.349282088835875,0.953794864803768,13.331021151426,26.087435189135928,2
5.549855235819534,0.6112326156344741,14.046273422329797,22.728125104019846,2
7.143950998423307,1.0383679024960923,8.983264584788566,42.584747291329734,2
6.5256083585426286,0.3313207823261093,39.287945108878226,29.446954954293616,0
6.744099737895962,0.8626067552252001,51.39115866287883,19.19865352760851,0
4.07217709370065,0.4463812929602167,42.27691333768147,15.765939462948918,1
4.94378544257193,0.4744461277224481,55.27557085141765,18.420336037004823,1
5.472284182867759,0.426611644159826,66.52313001809337,24.729876353934657,1
6.17434561156799,0.19323610245258802,6.768670330788477,27.209437338706977,2
6.948955659605716,0.34285214784511164,52.57181549704142,17.498310015334805,0
6.793678267029404,1.2217811466389663,14.93886384160648,40.14456202574509,2
5.100733487039686,0.5246701343928146,31.5239487646699,22.63824725950448,1
6.775464825500936,0.5213721498361484,40.35341688481902,16.450651202154287,0
8.3026326590712,1.7779195365024412,77.15775529237567,29.549884244882605,3
7.53032490955542,2.3532986537930047,68.28524808359408,21.184726447692775,3
6.351255760220953,0.2210478413910919,50.61784436711076,20.444806853387348,0
8.006066454588836,3.4100742187600406,37.563783904619264,24.560133637923062,3
6.797243447481682,0.3374798394665127,47.516517900195055,23.458327630208807,0
7.092937634176065,0.48477644172026096,19.075749999496214,34.32322010891777,2
6.2101821172002545,0.7777949549134004,56.12305988630716,26.070999681587256,0
6.466570822572209,0.2604985495350085,51.39045813257707,17.019791949416707,0
6.45117448565284,0.9483617928972665,58.127965885090546,15.567939287235477,0
6.5845250543144,0.3563550849142115,60.881729498061304,19.91372686990962,0
5.272130652053465,0.038932925889716474,46.22424330825665,34.27221879265522,1
5.332261369041319,0.23706258855600293,34.415006137758674,31.435374839661495,1
5.153335662506835,0.2995946259848309,65.31257073798686,26.956332424493183,1
6.266762086563393,0.59810745845845,56.115095537386935,15.658072943151579,0
4.470341116316792,0.22528402951939983,25.684455992542286,23.29681518514528,1
6.120316492967881,0.7284195802824563,41.11678434318045,25.674169566993356,0
7.390543499370526,0.18731682393358676,11.195224759051529,32.154134277415544,2
6.798139791991034,0.6195121613613022,41.05405461827727,18.444803300789378,0
6.241160177372195,0.15021176690302288,43.16268560493549,22.69817422047724,0
5.840282185084798,0.36463314601071417,20.117319462676505,23.1624210397076,2
6.416032043322031,0.8179191775772092,54.22955634011444,23.053322151483908,0
6.633110889698417,0.4245230739950188,17.916504323528283,37.07738300989332,2
6.130923841406775,0.5968350828622907,45.06595249372965,16.664798458861224,0
6.665202103873684,1.085634959282895,4.561823023443614,29.333244402511035,2
6.182795852679904,0.7205751961575495,12.422735035754792,37.055198084402484,2
6.46062087465795,0.5638279021376926,49.01516014228028,28.951661550520335,0
7.093410567007171,0.22051389259428172,49.70873167204432,15.443255178058106,0
4.4726052340325415,0.4191958323319362,37.374900675608586,37.50834701324971,1
4.3106071425250985,0.4431773446807724,29.5353409670036,14.090839222464574,1
4.717796797607726,0.33049672061262814,62.67411990658794,38.80833172424896,1
6.66364639702706,0.3592109904908844,49.22640369081065,15.05719084295815,0
4.975036866585892,0.01,51.71138421311188,32.42175476391482,1
6.903242203772219,0.5403333116242424,46.04465783543954,18.508430455094576,0
6.0944959995874575,0.4845577100731684,43.994802868165365,27.525117363506567,0
5.404082631959653,0.19397123608218747,40.50592480507656,24.258860972812368,1
5.571112958656103,0.38739407361503836,38.67807692709702,26.276156694526996,1
5.8263431270167185,0.44451286810223206,15.58885120087514,42.87585959567998,2
4.80429015364319,0.10456163522989971,49.89313695111663,27.16699823203433,1
6.833475000758724,0.35239521913622696,68.16018613063588,25.811788662205444,0
6.8757722395885725,0.6278351660345146,30.388897897643858,25.173279594017007,0
6.4629234676076885,0.9237217277372657,53.86397347258493,26.26195404785584,0
7.092785886677353,0.5741534907910026,17.437702275906872,39.66111980236384,2
6.989455569195591,0.8708957270432864,43.96774951869207,27.895826688284384,0
6.056470872170609,0.7154642257637489,54.123995991283934,26.749750833415685,0
6.817857766856892,0.5355667256366794,46.95559560571486,16.268093716423163,0
5.870085702709911,0.5515879193756065,49.42116937675963,23.46048274351389,0
6.817942872511232,0.40639551546554714,34.211537408681174,27.575950767874748,0
4.561671250131838,0.348480491617359,69.77322941914765,33.21211826449489,1
4.226719681248123,0.33037602217390516,28.931538097754846,23.577455815342635,1
5.057387933253163,0.2435247781178938,47.57509415756967,38.75096672340446,1
6.239299067509956,0.7496391114445606,18.14167208202503,37.84572225162333,2
4.7627716844423045,0.2531289837222031,37.53038369656553,38.06956827875145,1
7.149853469315884,1.1048803345950697,17.168800726914878,34.06305069527792,2
6.616963450492937,0.5212649880450824,37.751053776005705,15.401421402415606,0
7.780607283354397,4.0361700741699,58.004556792155,22.3836873418977,3
6.857640182644002,0.723604486510611,37.47778682235939,17.869219145757047,0
5.253239529340885,0.3758392594933724,63.255590125620216,14.701437647066442,1
7.8644831583500325,1.5603238307248881,34.10745917463361,25.174186886721163,3
5.5164883509722555,0.23731945208125338,60.85725943213541,26.98677724894983,1
6.554008391829824,0.36976916407758814,12.700692167926686,22.273927580473565,2
5.816935926547247,0.20028806597251786,14.427970018903036,34.3529622696104,2
6.7137615956707,0.33310835434140734,50.01047563403017,15.30294949625625,0
7.020391298675228,0.6300388763919487,37.649850596787026,20.317209171602123,0
6.548035294418471,0.5587924812391115,13.178720214290287,43.653494198087046,2
7.936886976189179,1.9955595861961626,40.61980963297711,29.29517487472705,3
4.38481045939005,0.22280750087799817,45.592959517027715,25.571395026285742,1
8.322362066301986,3.4778518104630614,58.94570031930742,26.432060183681145,3
6.669842220550257,0.569655904268138,13.280611325220928,34.28281500605264,2
6.686600480473023,0.40033359729111406,51.52181645052648,20.094355461183454,0
4.364221707991664,0.14530504592759821,37.026425375469024,27.973507493442877,1
6.703125801386649,0.3143475873459157,60.90960412165074,14.986205334222463,0
6.159228166078264,0.11523177992822366,12.484526192103317,28.073308759206,2
4.546278620392087,0.3538533419687932,71.9621927290418,26.795193599599738,1
6.327354896249716,0.2758825172617903,19.85984010260897,42.398059527830625,2
6.308407718580241,0.18887064357082958,36.617264452609085,26.28762643144665,0
6.3582099188560255,0.4353920396089009,45.808306793780645,26.929554222939483,0
7.219623431314972,4.490272538845467,46.464660456353116,22.373819842061273,3
6.494156152345035,0.8521892992810267,13.442796512973997,28.740654653759456,2
6.082777486630041,0.2682738180418173,35.71108094641203,15.034006341005226,0
6.9901546989738605,0.7531537129390559,36.92836178285369,26.084427788582644,0
6.307236502858741,0.6427224609966136,52.50417817621579,26.786059640112963,0
6.7747632535553715,0.18097837018300156,63.32052301458634,20.303083815311737,0
6.949128633454228,0.28601048263094775,66.25357064352812,22.54856864837103,0
4.129311938251411,0.42398338856832923,41.16339846430619,29.55353350345563,1
6.92687574943928,0.6400549448506709,46.241958947986994,20.876706208957902,0
6.809833375268133,0.2314087839146931,11.302250816174476,29.807039859590386,2
6.520616592327444,0.19840283811936124,55.5683922415509,17.658449349097932,0
4.033045553542558,0.3030795347397317,36.225269943966836,31.809657241654428,1
4.5467403455331,0.26264862304013503,51.359782095496406,31.849145455200027,1
5.252749764547205,0.41575763710361996,66.25413727400655,27.382639488749543,1
5.77189897774487,1.0052944713816545,5.196940008994242,41.08246604760785,2
8.282970487752934,3.532075999526035,55.894507472957514,33.165445020952866,3
4.384756303855358,0.19499901013313944,34.05835111974007,37.603158511270415,1
5.4964227700426145,0.199169338521982,46.14068295896175,27.402819788180704,1
6.983724105488823,0.3099747993957512,42.05383548318685,16.253200808400617,0
5.032519640459223,0.31026377212996165,43.984923019842306,16.415048878535554,1
6.125337721617504,0.7129701854716233,43.501144446065794,19.69282605620589,0
7.545916074201417,0.83692610383071,5.509982413483926,32.164095423318756,2
5.350587356953329,0.32061967452056184,56.94741139257856,17.92424640130838,1
6.288893373733346,0.6990443389546325,34.4503799994518,29.28103672667187,0
5.436969716117937,0.5372623841383747,36.86900369912801,25.388171173229203,1
4.59574264240265,0.28339805103389826,63.395921073436064,22.94381948087826,1
6.724136500569926,0.1749441798821327,57.07261745351145,28.681354940207022,0
6.33453079716096,0.3714162691677237,44.94660796404012,19.935448197591654,0
8.452694230408875,1.8190977254272498,69.5554095026048,22.56939542086077,3
4.3605156084956675,0.3057919452734673,61.47672722902346,27.546431465763767,1
6.522075818846202,0.21650101455886903,36.289468003510635,19.568005078911867,0
6.304643538886287,1.0194063069332429,3.9508335084381847,21.508096433966013,2
6.07361010046359,0.36104839104172737,54.263523363596505,17.485374682744716,0
4.845207655087374,0.2707007186106082,53.13117141737233,36.85226577013231,1
6.618663618078085,1.1035518890126628,20.983172302018367,44.13707843009802,2
6.3729973435105265,0.4619968880472982,40.063598630464554,25.908418428359468,0
6.478727397688976,0.8037719292409775,9.761091388048811,38.485885675796204,2
6.4261834018688875,0.35809641314355456,40.90595872287402,27.23980602459303,0
8.115767126534056,1.5606237575856554,58.92145101566879,32.270536040182215,3
6.851600877460105,0.6814293967334474,2.652439542913376,26.85241649725294,2
7.324232408550571,3.2486994754861187,31.05519131417541,30.284544287562074,3
6.202660799902747,0.7257179322298059,8.05806576991114,41.03184314957151,2
4.0621715680787664,0.5141525463584738,60.57300705763015,13.923932329413605,1
6.732074583309124,0.1349956432804986,5.738961891581438,38.64908221383551,2
7.9199290040941674,2.4484181716383904,37.40516786372213,18.85335289261899,3
4.16988434857077,0.2877474448651254,55.482419424415674,28.997439143785666,1
7.609115414471054,4.19942066960227,48.95415224417176,29.106568870871765,3
4.552577417124619,0.12943914270524187,42.90545562757963,36.670421254877944,1
5.735328609423511,0.5647158960806729,40.89790989880383,24.992055087864763,1
6.308239273996107,0.3987087066426439,34.483548714362406,27.043442899221134,0
6.411199595110168,0.9733129321918889,9.925234287900011,41.638962791154235,2
5.788017671803396,0.6905662604030682,17.885631681319808,40.06650738627583,2
6.4012097897380915,0.5951508721605738,43.14960878377462,25.209640625280276,0
5.03318494099809,0.01,61.004148796937784,13.01311395727912,1
6.5221020997164025,0.8077194477014608,12.201828492850904,38.468848266132234,2
6.047688578122294,0.4807355974038008,38.519456012858605,17.668020027119464,0
4.202177506574803,0.41437889138892775,42.62631458006613,22.70734067825839,1
6.677840007182922,0.6420662535576656,61.300346254261314,21.63005004192044,0
4.129659719552061,0.20953297049460146,27.516823100870113,37.0692755062513,1
5.1078172612847155,0.2427537554880429,57.22817260026908,11.45191570728301,1
6.628997160747756,0.254585055223373,43.11769328325324,17.42254512107942,0
4.339187221408022,0.13437857871209533,70.46661955633338,32.85976689478551,1
6.627453534444112,0.7225586965229255,44.73683215300624,16.825618898638588,0
4.166127990997865,0.3058117732039564,38.25161929127979,23.345715126039245,1
4.454765063309221,0.18966198331985812,54.7469548901337,22.672959254494593,1
5.694504939375524,0.48326112921335074,26.179386252013433,28.66653213554039,1
8.599846133451454,2.6811858706115945,66.1474325797706,28.68098804273496,3
5.388153430941162,0.13512789024595276,72.38303919315324,36.77320419966305,1
5.50509109848159,0.1954779241142396,44.06662616183371,31.619356618236324,1
6.679018250505697,0.25881271241950865,50.74918024049426,18.46758785021051,0
6.438780022616384,0.27800717921583884,56.62650403435911,26.04641704943976,0
7.8372810102138715,1.9386832080809149,53.89980038395046,18.814362549973985,3
4.560139741261669,0.4383682252202962,63.283728520701864,35.76938780454121,1
6.914367198503311,0.44233269413028303,53.078828103797285,15.447996531186275,0
4.854166288037752,0.21800232371407152,25.961686802251993,18.091514381325155,1
3.9584230196490715,0.31639557960727327,30.90289462855231,21.67395422918444,1
4.881038463604919,0.44266096039819103,66.51575817100141,25.373499511915433,1
6.196646704406175,0.5655467866748047,45.36721408069085,21.832180565386597,0
6.296974822108659,0.42937883529143617,54.24639290488742,23.430067127384433,0
7.132860600540111,1.0577999044490414,15.157940120262532,22.28046066554651,2
7.456419356663764,1.7919567833511452,67.72243851391218,24.571175206708745,3
6.8182056515393805,0.08077504897832888,35.665529284875994,22.129090138206944,0
6.109083411965779,0.3745375351341117,44.24400862184001,18.574323637293524,0
7.444712501313346,3.3085926984250906,76.71739139008847,28.59866047512191,3
4.9632493679308265,0.2954281970400447,28.164726453382862,23.22178130835403,1
6.673114714148133,0.3990846564864823,44.683089315245795,22.88684240719199,0
6.5636306048694895,0.7254635822132991,53.50278990184808,17.689633955237586,0
5.3580989189772135,0.289821404504885,48.90198595172507,27.729070073373286,1
5.671942239066873,0.4779485383598496,9.258995118541039,45.3194946568788,2
5.960493651866655,0.47732399044983526,45.15514516564413,26.40019392458706,0
7.00603009748076,0.43487214958024073,62.217443873413416,16.87713051579295,0
7.846474124070073,3.6965521385154045,72.62137253719442,16.76281761012844,3
6.633074486789216,0.3532378505663287,36.88159182961036,22.532889479564794,0
7.474816571944818,1.8170499327966514,64.37994398150141,21.970878623572382,3
6.347697624800821,0.2783244956558215,56.53147245661845,18.927253455031792,0
6.422773356062005,0.8024172333402738,6.125726431746777,22.78075418846683,2
7.41408319671064,3.649288201829403,56.25861974344855,26.3456520788025,3
4.2586505081589925,0.4275574909428011,34.216394280332665,13.902800259152285,1
6.665581679342327,0.5849307216109618,50.75904733377461,19.36644145100254,0
6.994549330245136,0.7403738269947395,63.17809624045962,22.177709824831897,0
6.832907244306768,0.22212525778544706,42.366727453599,23.96432035310837,0
6.772942032652717,0.6705170131689259,44.64192247366627,24.378062629989067,0
7.032289417690432,0.6895209838113077,40.621842366460285,25.55875063346605,0
5.634233724497379,1.1713820375574802,19.14955508688826,40.094169895128545,2
7.828601997335758,2.398604132640986,64.39628919952018,25.900546305447655,3
4.217984540281806,0.4226641800984584,55.917407597849596,21.627806074661184,1
6.80400605952507,0.38971932297260115,4.394042496877913,41.4319637781283,2
5.375545944382828,0.35710667758709735,73.78726687519342,28.425534867809972,1
5.0214576130025455,0.19539780388509037,69.35236690590479,30.269749920007225,1
8.711723758381074,1.712142826342496,54.926883785472114,21.068006716739518,3
4.327457474600749,0.42534585565916916,48.8958213452134,17.536943190938644,1
7.242667655748552,0.18556354289243557,19.115061542526416,36.51134800747006,2
6.420873499797642,0.18934144141779358,54.41776561656249,24.674235817191185,0
6.975200795091396,0.6888102125316952,53.43035850963105,19.64939811639435,0
6.584287078567018,0.8902773311828508,15.67580593850428,23.818545029128142,2
7.411626502789394,0.385254133415902,10.740121274596039,42.74887134554818,2
4.076332895161022,0.12165675795569926,58.507170176743244,16.473551744383272,1
5.95743611809778,0.35035259186622136,64.7708567947976,21.971714927813252,0
6.6336028192042615,0.42706217935094126,58.04939755096797,17.965397981450444,0
6.520180303874412,0.34602234220314054,13.440011301243894,35.84139898143399,2
4.198038639799986,0.3282170402110849,72.67100746369853,11.378872592868548,1
7.326821912121756,0.5486509788072648,12.222019020128673,35.86035655198,2
6.974174626686077,0.4792750348421341,60.06491703278813,19.439210785832067,0
6.75451190031806,0.5279435882431223,47.11014690198358,16.961586070707042,0
4.426053542614404,0.1143130382998638,62.80597558327823,28.47295848531697,1
5.541732194701384,0.49054856612571873,46.409678295728405,37.34573062559896,1
7.635467878876427,2.659310668877496,64.16450056649862,33.106331997628764,3
6.237516316176954,0.7900823371320179,57.960342711195814,16.41467173442752,0
6.807395394334258,0.30282540399491825,53.82277019458596,16.647810717323324,0
7.004664928563938,3.152594594895929,60.175127541422704,21.790383331845288,3
6.772620642568641,3.1355059007416037,67.83015638636115,22.52449119002524,3
7.079599851769405,0.454849996429717,60.033017453816456,18.443935671836698,0
4.355788344797354,0.2070393046248038,51.53575452833281,13.863386087264907,1
4.358622557997208,0.11280984873211017,62.94017544743443,27.153509499485715,1
4.968041906154278,0.4174783140421867,67.75077870444028,19.845516768388467,1
7.3304230367675975,3.4502610627073143,72.30991132179749,15.809037157330454,3
6.103630424332419,1.0025943437293743,17.630301779782215,34.760172514228735,2
6.99269656442286,0.26564424312653934,3.6096693376082065,39.752439195390465,2
6.726150703433624,0.7350496873898646,49.937645378750375,28.345859207472575,0
5.1456625949946355,0.059312140603790066,66.46004654239424,33.46715960192816,1
6.820291259585245,0.5753509885262706,46.273978256531066,23.18366709520976,0
3.79711702120337,0.4829077413726628,59.40026372868215,33.438931759963204,1
6.669849746706097,0.7299840752342803,11.144484706639746,28.372698372849527,2
7.120983750510045,3.877207564470102,45.01746691767316,30.351988828473353,3
6.207760442674253,0.27553624126884196,16.433378703936352,37.95920129974884,2
7.451668228951923,1.2346648605911887,2.7530875365413823,41.871329918414716,2
5.192537418585803,0.15674271470531803,33.61035823037173,21.766206642891287,1
4.918303039322772,0.5279103698231442,38.55583521196298,31.551029182558782,1
6.628001639835623,0.33763543481625524,45.59788322317924,25.873649785060234,0
7.345239693028,4.03591336271371,77.6218892160552,29.36359799518661,3
6.969863610781718,0.5371526776883496,36.42286277871993,15.468593027656457,0
5.362771571664256,0.19244944375198875,29.413652469115448,16.125902626592072,1
4.719019719420111,0.34948006587055197,72.03059384194594,26.645017292345855,1
8.10137761687077,3.0411644406421634,65.30641995647524,19.1098397405113,3
6.9788753896037745,1.0983459838784373,8.21977506770132,20.783993774101322,2
6.022753061084227,0.72912597728366,10.574353517483209,23.512239295659064,2
5.630320027790599,0.13844113642741473,21.42494263801548,23.18010795512338,2
8.725725544380788,4.005404270382127,37.47347040892835,24.717101288902615,3
6.984626956618708,0.3336788162474965,51.16492053475915,22.106689472766774,0
6.752512137406646,0.5683892995918814,52.52428310769201,20.441022002011266,0
6.033108352454024,0.7466484445666038,62.71965091338366,22.20279208473027,0
6.501632982728043,0.1796742104332126,9.976054282246745,24.81863145079821,2
6.941128577390157,0.6748057992268046,40.0273547973218,15.668215321249484,0
4.860727962100107,0.26765601252866533,65.41159481260264,17.444941819626948,1
7.370917330160951,4.328218948210503,66.87283220189265,23.63968636980729,3
7.280128331958869,0.9296739717290025,19.77048508845205,24.92107561330426,2
4.780501792933357,0.4014820208325081,58.94559637597135,24.225070269199044,1
4.3381438659488945,0.4840160129332915,45.45610304444147,34.57478660201709,1
5.011823272360162,0.21072196636464352,37.509323084274975,37.18365232240757,1
8.773810793598795,2.064121440718841,51.70415697105903,30.035864875540064,3
7.4624637539737595,4.172906064613025,65.65344470652933,34.62971765277988,3
8.252134547062589,2.9627889675332444,49.357895425924546,23.893756384844394,3
3.987949124768564,0.16753424799505606,69.86819607712152,29.124280690698225,1
8.139836378431966,4.062288926002067,54.10482459955388,19.116926128123733,3
4.79021865510173,0.2554796408093711,64.73780322667128,19.79974332933178,1
6.5454031969027815,0.23786263069173985,34.834753513762934,17.374579687900553,0
4.678052154860982,0.08347210998886878,35.66640768226999,30.70708511246915,1
6.474389415852193,0.2309551313724762,58.691005959624924,16.817882563496113,0
6.139762661594602,0.3188784786233074,14.36236956151738,33.32939511794755,2
5.800159688043614,0.24239461944185134,5.834279287096772,42.92715611789626,2
8.317346639720068,2.412246655200645,80.57892420746127,34.150709403210406,3
7.036858697752038,0.8392324158711486,50.947961019362396,14.535936183165369,0
6.586372739571226,0.2535588866707238,49.534369409799424,14.869895439578006,0
7.9823461792629224,3.323697850885636,52.24685910777332,21.00273009537482,3
6.530784068357252,0.537781139888848,60.57304026798322,26.97149701286106,0
6.026937553746707,0.4823704231526158,64.06399799727062,19.409664742863388,0
4.785496411836256,0.31031410435930157,40.23861109901633,17.375741910081803,1
6.343860523905097,0.0780274199286144,63.76650563367444,16.783023811945274,0
6.522807820567645,0.2052238825713682,13.113573688998473,25.743770747079072,2
5.921265558401106,0.9900961759416258,4.89907304093493,33.10050743207653,2
4.62094051544549,0.17220922977347589,51.8347459308145,17.205921139887675,1
7.274761367913727,0.49333608072461577,50.648121901365656,26.514340510233204,0
6.120357744871957,0.3854584385557765,48.14417397264794,23.760246621359716,0
4.384438686304151,0.3306240271190511,62.20973516402943,13.318543045977892,1
4.414522872895656,0.36092114151228033,57.89437896925323,28.601183756990537,1
7.199172692343123,2.8251896998414496,34.24785630506422,14.843654833177734,3
6.713387934280967,0.5108940405178277,47.5686405567214,18.877408998451667,0
4.666900608119395,0.18943458144315836,35.63230821415514,13.930997953166504,1
7.489980268068763,4.367828056229678,52.60592734697135,33.21499189815723,3
6.483096936550698,0.47416873273408217,50.671077647442466,29.27822871555446,0
7.164182333267384,0.5943228039049081,62.60243294573506,26.81513661814686,0
7.341817882641885,1.027945483587507,10.517579240708269,40.94199063273005,2
8.3459180168359,3.4448294295775996,58.03475684609286,31.510870466290864,3
5.298409315617732,0.022823805860399504,75.08044343054631,28.15446974128585,1
6.4517129611422765,0.7415063483908216,62.72083444614475,15.15725309051817,0
6.113076177718827,0.32632266809733884,50.16806353733814,22.277684987887397,0
7.80751440537735,2.2171936485826422,59.387960390795605,32.56479754837187,3
6.6273387310353415,0.7059524810247527,46.030591590759734,16.12111464166431,0
6.18296807174499,0.7814418350913013,59.538540735882684,29.03899231221293,0
5.130875639281738,0.5466321025635701,69.85146541360659,36.664020678576435,1
4.807208733069653,0.2004345640250383,38.982568755909426,23.793516231834282,1
8.532477877563178,2.66304644613629,56.58981039079519,25.252283317799467,3
4.26361012865384,0.33710022722921607,67.9327028359535,33.788862174380725,1
7.051016064681376,0.49618105266338536,43.35781112680296,16.433472035789862,0
6.668279043109488,0.5447581729010103,41.42488687481241,23.639878142380393,0
8.019218336227956,3.6065328395257366,63.656936046395735,30.98629639655172,3
6.669257918204288,0.8905929951885772,52.333394373684584,22.13961692585529,0
5.250953450020245,0.4051871291703608,56.5597002603693,33.15198182026056,1
7.127299609526539,3.20283377562949,73.71613679138385,18.293906157888504,3
6.084819973950457,0.8025732859932815,59.932131160726705,25.763999547884033,0
8.069002295760955,3.7791633334744037,34.34329995221131,26.292832471594284,3
5.015215986300018,0.231573216457984,63.965331230718625,37.78375372901235,1
4.264865017351573,0.405034922918749,65.96280703507297,22.42344301563541,1
6.670051652160398,0.815501982653029,46.11559861943173,17.797199160637472,0
6.822278636113494,0.7479795777049415,38.378181780611115,30.378910157744805,0
6.719169664044544,0.2766679145211754,51.09347726722437,22.859061619489065,0
4.68153850641341,0.4214806067417767,74.9967635246503,20.758087118505212,1
4.460969821217502,0.038884191140842225,26.72347746558703,13.377848267624913,1
6.412195990185869,0.6118463049275784,34.3320557808191,25.87500018900161,0
6.825648948779333,0.6498694379839951,38.07665738775273,27.436479172185916,0
7.146262087664992,4.5512113838419435,39.64283945404358,16.73271798643524,3
4.531670422977296,0.3389734996705728,35.35402320909408,22.576779411259494,1
8.397922138927017,2.101067776450879,69.79977949939533,29.071609759027535,3
5.34554296085625,0.31857417346249156,45.27325791980082,28.609364563414562,1
6.983280302981453,0.4909689003035299,45.72134657148156,14.949707215414469,0
5.02638311867481,0.06363052911140862,51.231279202705444,32.05361197560234,1
4.347185143667685,0.32314709731111946,60.45445151609497,27.340996747127107,1
7.146849810061502,0.4887628689555852,53.21497565365147,19.07316101261639,0
6.467742326504457,0.7600946149278587,36.87983005966765,23.56331052726613,0
7.022146728588197,0.6358150330162035,59.39707440838604,28.030075247010988,0
6.788784966028792,0.4856686797127761,38.20008784456825,18.580882470490312,0
6.632331699825266,0.263595235247209,16.13435773541279,38.33920593391324,2
6.074716943521662,0.5221230628179682,36.50767141745664,15.852549988749425,0
6.646281493728237,0.29510830950270694,43.496954137010675,24.837077278826285,0
6.545604620997633,0.6758446396229323,64.38715255104447,17.47938767709557,0
6.67370861765997,0.838863700751024,34.27304541847596,21.379274917334598,0
6.37154167292897,0.5017031026649846,66.62075117331794,26.923944942855954,0
4.677929549336281,0.35198113560497724,31.954549098031663,26.826294377708095,1
5.094720525214962,0.3153316913007015,56.715242578960634,26.123523364419935,1
7.087883399771844,0.9978369008186363,13.09443176363601,23.061179980730753,2
8.001495219389218,3.552893873628677,43.27356615047405,26.048628024805964,3
4.518986340525795,0.3054328969438905,27.73742534496519,15.70659034158284,1
6.08491961621201,0.3288242883077954,19.2929686835451,29.529820291152355,2
6.5231393672451174,0.8822167919398962,4.49978454981861,34.08080894098661,2
8.568471028506027,3.8540823748957957,65.72835312360525,18.987318624887898,3
6.935994152027079,0.39155960466816475,55.58558412746178,24.228439334430234,0
4.235184876361471,0.13695193750674511,50.66288343331668,30.67374692092561,1
6.406117268425791,0.6931558710346777,38.4286780972274,15.73633171160272,0
6.851434415755888,0.5674537839245225,48.60741407843335,16.980183854477843,0
5.863743943698952,1.0630414169830291,18.90258272679538,37.390800714707986,2
6.66527197628647,0.4878368047023276,47.61646855209785,28.967084964322506,0
6.086764240442826,0.1714837071431899,46.77605418972239,17.611370592504876,0
7.443204113333353,3.9711313387412748,48.16670591207726,18.879188261291272,3
7.086998142512749,0.7489123260568047,47.34670662982161,18.834436568295995,0
4.715569903156132,0.338269567135247,26.30308489272455,15.468962172744959,1
5.312521923414432,0.42692254709219407,37.77321503862322,13.064557452071469,1
6.601961046965225,0.6106101910276506,50.798379141955635,19.514608874755073,0
4.823738037678707,0.5103974947556608,70.74131990963767,15.565067959488372,1
7.582262850905053,0.43403918747244535,12.69779553513692,43.90751708394784,2
7.290023875874601,0.08114016266186835,13.261252706626408,29.29933852788916,2
6.289534934104511,0.43420252705968676,39.804609013228024,23.748798037257384,0
6.662746883749505,0.49889846770723556,44.01870364477352,27.40068138041198,0
6.502781927734356,0.5289832477004089,65.61247460953425,24.914717006612204,0
6.560789631509528,0.7450771097572556,42.17402877566864,19.522166252937257,0
4.28421046116282,0.148177951110131,60.48889335436503,33.5893573278804,1
6.845618564371025,0.7556537947834534,9.312692352851807,42.20585277689493,2
6.16680302991539,0.4271923311992026,51.30141832843849,28.39503962006468,0
6.1160262645275445,1.0446653513528208,11.440993402705589,36.328149807684035,2
7.144202112138195,0.9275891954703477,13.48982336393451,39.60431570522442,2
8.712629703046456,2.7762864978890582,78.44705242659248,28.18801724169375,3
7.4855452566830225,2.418365269196222,65.0220208322737,23.94679470985304,3
7.0396507469723435,0.08482844359060213,15.354738623521147,40.10524239992376,2
5.531885242433541,0.6447189902284418,74.18744188774741,22.04981055314013,1
6.116936447726909,0.4882027397257083,36.61242579284629,28.04055488026275,0
6.830827529312691,0.6704740794045753,11.859975022103221,27.373362938878785,2
8.327823462599635,2.7509156123612586,35.68141811378359,20.873177084154463,3
5.006970296824608,0.3378390221803053,51.755262517834595,34.068904906686775,1
4.853019528754582,0.19502810859308728,45.44373062092333,36.18483504470828,1
6.546420508060909,0.8454158851780533,16.0907802938506,44.00217613940696,2
5.690470097884622,0.20477649858963196,12.54516897356603,23.65761360667186,2
7.831125867854452,1.976618887067949,29.572464249045314,33.06712288602133,3
7.042928610907767,0.25477499395667536,37.58852281166465,17.461984706204444,0
6.590930723521797,0.3342513394014711,55.38792937814261,16.594452136089156,0
6.663290669727374,0.2168116675341863,62.19629043200221,21.5966819805501,0
6.17735967278646,0.3609477595236249,52.20785577296801,21.92061289009096,0
7.436353787621191,0.8578477131129914,17.78657210880983,29.911840153619334,2
6.543109615486315,0.46072405597548194,50.333931399847344,26.044559740747435,0
8.61593605687221,1.8046385990037426,66.27896229608959,22.63051835780652,3
6.64390972072682,0.6223345968862525,52.723618757573405,25.739322259116914,0
6.870269118941807,0.17531031876877254,43.99816996371621,23.911067344232503,0
6.411077520033085,0.5888015496187472,64.63185325562739,30.885578149808087,0
5.384023576582577,0.3169080487131418,66.70375903222474,27.538212189143252,1
6.898546951997022,0.07490995769526713,35.73808731198731,21.610693011452824,0
6.884077409341049,0.5898355769034195,57.41842101199296,16.19496164616504,0
4.771811821259428,0.1430287071125416,70.87706978400969,34.25797282528184,1
5.473276384811464,0.3295586952998214,62.5387358354457,16.015182764075114,1
6.140556860644942,0.4618780783253321,58.422774938874824,23.474759126226292,0
6.276786631499444,0.6649030923301967,46.11873249983607,15.029137256390158,0
8.126106949784626,4.213321543347452,46.15635764162035,28.07437756824794,3
6.293043248123653,0.25750782398164007,45.7455459705206,18.588835639033523,0
6.144228612443845,0.38262532727557913,31.81171496878865,17.695258817917114,0
4.658844132068534,0.17612947624778105,64.19907431056129,38.34705644051707,1
6.065480779978846,0.3540424200765887,40.9938370532876,27.497635753103946,0
6.953518211619836,0.2526130598451053,57.971498324667934,24.331388192604386,0
6.912119294715121,4.135828683872663,77.73730437198375,16.217236907520384,3
4.84183643081396,0.3376994133781134,42.694131570774836,21.41599565701605,1
4.449432235159164,0.14385481308479975,32.43519919908707,37.31701562011562,1
7.142876476255316,0.14954690006119323,4.554131457995759,35.71782041339127,2
7.149661238460757,0.8179267540832391,3.5082707815547423,29.669596235515638,2
6.419545401302118,0.16749510798789868,6.516869771803094,25.45884810907791,2
6.453480422246382,0.5024574876757018,33.03426779978359,22.595517982142376,0
7.213467692606072,0.41597023145283973,48.416377690887245,23.030517747705517,0
6.667023097729959,0.4551259757952182,47.40829079831062,22.0889682477339,0
6.622842030440579,0.5106116490859423,11.549379060667244,37.96696133478861,2
6.555408186856634,0.3535567024131322,53.20925683963418,14.67999735951261,0
8.29165446003548,2.833180982486475,47.9694645059878,21.493413606644303,3
6.648726012824088,0.2858615715463827,66.31704821107694,24.291064978545926,0
7.182540332055616,0.1349675746762458,14.276437590849685,33.865602224239325,2
5.368811383503051,0.238313970935209,46.80812634581597,31.189918131894522,1
5.7536470508606845,1.1146212893197143,13.21120832884805,37.795424149301496,2
6.645882442879057,0.6279277780373244,39.70119249904164,14.960538791489384,0
5.3259443605849945,0.23247080894829653,55.88103863552479,12.101118848742738,1
6.2321229400083284,0.5261694435291795,33.596149919230776,15.355314361881842,0
6.781775059005423,0.291114520109363,60.5849567881535,16.230963799056934,0
5.9039836083960004,0.6163944749719741,64.39591536121098,25.891750471215342,0
4.365425062598001,0.4934623985878611,32.919791975729076,34.76196919226888,1
6.539550112234985,0.6394580541317066,37.63544282904911,24.727229981175682,0
4.0791829330953595,0.3030051115235666,63.57799322236692,21.693930717537967,1
4.541930391125784,0.17036633115142946,35.525926519420665,25.835344806783688,1
4.611981059754558,0.27309851341815167,40.265522245595434,17.140460636462667,1
5.59964155065396,0.9415557072457668,14.511960444292217,36.15478160394143,2
6.563081889255221,0.6780269213078695,36.155105031852884,28.816262432861826,0
6.5543581911097535,0.1530056530051972,48.25753616130751,28.716111807689753,0
6.617091240390748,0.614622368386243,51.26288342855241,21.459255442264215,0
5.987420209573839,0.5504045557059586,42.41648361980635,23.18469750797603,0
6.962265841508579,0.6024115760525133,38.996371991004395,21.317088827471384,0
6.304802536338579,0.760023443466339,49.607614631973156,25.272529770982803,0
6.173344845759371,0.13752033841344213,40.51143878112818,17.705054470947015,0
8.105270605639442,3.910643936995862,33.286897851166145,31.28538636581078,3
5.4083039448680665,0.6527124826156445,13.027736428221433,32.08686060979283,2
6.356319027023445,0.3563458012090729,59.31593635829813,15.750350271839743,0
6.458053447496172,0.27741412583136155,45.23165127907506,19.270891934966638,0
5.1358120550502955,0.36528383455822,60.21992503751696,20.668160353027396,1
4.911690914856806,0.36949944324109346,45.31629563747236,34.82098260904765,1
6.713058697741445,0.3897785729660591,61.4187238459358,27.505943260202997,0
6.910164218430982,0.5921544869058706,49.387164957827515,18.169618460447047,0
8.817740684148887,3.957197225228002,72.69238943234413,20.364861368958554,3
5.399580868737042,0.813335581180357,16.347461347787515,30.719976744956064,2
6.237764427838144,0.7250815528036885,64.17443809929172,28.253628223763116,0
6.434654180520552,1.0265043897575707,21.433187410133158,31.603012842024768,2
5.181209436116085,0.4069364871541145,65.8378863005358,26.31968637555353,1
6.591408684920941,0.7212064458328513,50.73144263142738,17.05577781632326,0
6.2701434126483715,0.6002411707977255,51.7492481922514,29.9028339959919,0
6.861569526966529,0.33600069324644694,57.481640318563734,21.471857694479773,0
6.129320936562445,0.1655046131223835,9.455360549227336,26.16230927617923,2
4.9456352218382795,0.13981424696179423,51.491244750314635,32.93500072629305,1
5.317654190622007,0.24388201094803313,68.23641325151935,28.52144182258489,1
6.2951293602223855,0.2795903678419759,54.987208956446665,16.599172688691816,0
7.908178842739892,2.7742299647727546,29.88142658367927,26.76698299190058,3
5.160285504077182,0.14123277055412847,59.097022100587,14.98211802102976,1
4.963482866018932,0.23499710185492348,57.50808182483899,15.518099193905034,1
6.290205634687253,0.275494862658932,42.36600377400682,27.388548995125674,0
5.944799364932059,0.6057302369685961,52.125717054722585,15.170153211479596,0
6.1202584503412405,0.44820572961674987,64.99274314339668,28.80863961557417,0
7.289164581859914,1.8464930536756445,48.25723536852264,17.80915806650263,3
5.349215968981966,0.31621514959085356,54.36632960213112,30.2142028842782,1
5.411024425649281,0.4511991214031027,40.101535806671706,34.52186525873512,1
7.960481028673328,3.765008301738074,39.258062556074435,27.94034798245692,3
5.666404801673275,0.0725395169042326,15.821041012931023,26.910352774424798,2
6.687500564727031,1.0186394369716987,7.371350993915605,42.92610285010186,2
4.602729880414514,0.26327199383457583,27.378317407651526,33.890728691547594,1
5.401814302173698,0.2210628545478966,41.26628705630177,23.886046905938866,1
6.2929645989919365,0.5265677611067339,35.95341755752099,20.481632492574523,0
6.81275126533235,0.6776417269203614,46.491203443430095,29.610342258836397,0
6.491218803366778,0.8071265140009558,12.547330008143533,41.029205243565684,2
6.179006563127465,0.6317488622839602,35.94328050498769,22.979688313678974,0
4.2888856157698685,0.22777828139609374,49.3488974431696,13.959304493014773,1
6.629931165152636,0.28025028036571353,47.494727955366,23.424218788734432,0
6.377172428611246,0.23314016198559118,16.62312403827568,36.99794114847979,2
6.740102226567221,0.4783365566469777,33.72807590608087,24.538300748662575,0
6.440189189708796,0.6845317335671237,51.865730079839736,18.139191519956846,0
6.005565390154822,1.0750094026626495,8.030160958786245,24.912817106406962,2
7.253793456187026,2.8040263649058637,45.9624124951573,18.502488753602922,3
6.234769054085981,0.41230344675978803,55.9283349346693,22.627979304864528,0
6.261190719964295,0.8511362175131859,43.53379494435492,26.678337070524808,0
5.580369357438912,0.1605334661002958,9.788706961310714,28.043196961802813,2
5.882689071792106,0.762395685578913,14.284457287684704,23.4145823886041,2
6.054873341013572,0.8044514410535953,47.803760561414464,26.7919141813296,0
3.7241273251717004,0.45791813543890464,41.446671757416574,18.230854586174775,1
7.837819021168934,2.9700017877527576,65.73070274624992,21.06737246598491,3
5.906056888093997,0.5047716551848042,8.40607541162464,44.39457437973101,2
6.615936423228974,0.8307170760873578,59.0478086417406,25.301436970847988,0
6.319542302564123,0.2572109880109277,11.890507618247373,37.56325591312765,2
4.05777186309565,0.2017393775659731,30.940049339279287,37.32868364929461,1
4.262488261193291,0.41595100688014164,72.0485694801186,27.02951861281022,1
4.70325128619398,0.19402350675107927,46.57150585290283,36.950044943880926,1
6.950346226692686,0.5391524732577924,39.25119771636928,16.87449310430692,0
3.9986156685155576,0.0661148890339504,50.73293786642854,11.80468059641622,1
6.902201342098194,0.3950244269532766,52.72670624273567,20.230231157909856,0
7.7640665031657505,2.721308811050343,53.58950182081369,24.08490839566853,3
5.0049982733782405,0.23265003207998802,65.79060457418916,22.121804522556772,1
5.23675244199944,0.2009687727476814,38.14113309173351,26.439860695647905,1
8.284981486409432,1.9762567804167217,74.69352815574798,26.730829039372452,3
5.121833122115341,0.17062412017186662,70.35768660044272,33.91896336931631,1
7.517651142713747,0.19350665538506617,17.935671636963626,24.55832189178964,2
5.699965516178182,0.8982867292933776,4.542748571666145,27.836163900857386,2
7.334139961185113,0.42488954952829844,36.51392741939143,19.429789108819346,0
7.607951424432721,1.5736289889349568,43.77383859082071,28.128345001909796,3
5.12940748653597,0.27279020711169133,72.25374799889973,28.868127529374224,1
5.7468209104725485,0.7492236453118705,18.9117727563106,36.976048812260956,2
6.826389860505655,0.7118729551229205,59.08784722684318,23.052118247898832,0
6.861920494503863,0.310519353441135,38.94691362284108,26.82332734361977,0
7.50276187581949,0.6713263048296395,15.734481533342509,39.87718025505295,2
4.308853316775296,0.5239775590752934,26.270853427823962,33.3292625090639,1
6.584210396669802,0.5098856259446343,62.36504992146897,23.023694629843263,0
5.069059621505807,0.19492119986805126,57.95764370832055,26.631941618364525,1
6.451731441314661,1.1145676563846099,13.2635640898632,46.4507563818799,2
6.874501180365205,0.30155660986274596,55.42921180166852,25.600952346282607,0
6.299760145834148,0.6365199490524593,53.77372218500122,23.463930336657135,0
4.388117268952992,0.23309308922907646,50.861085251122134,14.300572027520166,1
6.2499204709759,0.3555493079153301,64.41802184700295,23.296806924935538,0
5.917964307007151,1.1163692284931377,15.285795197678626,33.96568007827934,2
4.368093292049913,0.4572747260615243,26.65310736885921,37.74156839291595,1
7.575046088290484,2.1108611935614205,58.01987256471649,31.64660376636583,3
5.761921249297294,0.46932673811543374,11.598233440760984,26.675416145086626,2
5.629441542429442,0.6129971188740699,13.832175916817109,26.040519186374755,2
5.480046008165192,0.13735374107155854,42.445372900313565,15.071973648617975,1
6.60059293892339,0.35663340506658414,46.62398635894242,22.09134433323188,0
6.526331369333391,0.752624661045893,41.97856438139587,27.322449160934383,0
4.7972599202722925,0.47409036291523937,43.75780684697271,22.828324862362244,1
6.718141960652539,0.27089291918339853,56.34655222595232,27.236670842816594,0
5.248597214854925,0.4715723539745309,35.913328240650706,34.836996793071336,1
6.795757141883816,0.24407335865718108,44.57396844971152,18.629569474799553,0
4.718355480146496,0.09615165871258596,36.74846002584547,25.869874049778637,1
4.320568021995082,0.11143179515138293,72.39729270171213,12.866310648379217,1
8.67436270151275,2.6645446037833027,62.18727108388982,20.423948904688693,3
5.019717109294041,0.01,36.11823270496206,15.8957034423058,1
6.738218061163973,0.7853794527516701,45.90553705604261,17.734945168041584,0
4.4136864222500245,0.37690142687240935,44.57081741789482,14.849095974675409,1
8.936238817380728,1.4698302571762885,39.98049185665479,28.7604016758209,3
5.356041371143959,0.4233103792970164,57.0491078396405,29.859174473307167,1
4.630078555617132,0.5196564848932773,61.872428527002185,26.15051547815571,1
6.876220822924267,0.2782918559617366,63.213462650198146,15.56383774649585,0
4.131777601433783,0.4832614906538649,41.92746212367648,27.456297952727496,1
9.06566058783642,2.9508870410062835,48.707097807250065,23.14462005736248,3
4.516530630290056,0.1661026352241866,34.65511185067007,21.871834337192922,1
4.710071981169281,0.28799572890812,42.003095015216275,14.022505263309492,1
6.813989489287913,0.5831380349450599,36.80358061553437,25.31855034512103,0
4.988192759798469,0.3834249967809087,72.697940450222,16.514319725762533,1
6.408974221068541,0.5496976149211995,41.097652270220806,16.342987035415035,0
5.893072578386654,0.7487432836859996,13.543484548569465,40.18088342719731,2
6.619005835413045,1.1066905951409816,10.249519588515874,35.00268845762058,2
4.74595095698917,0.15885863274449463,61.03581004872598,21.166153984829,1
4.610835885271834,0.10953470480854505,49.56156813706331,30.433345785585004,1
6.2610872955429855,0.7670333516233436,62.08155635828239,17.78998491184507,0
6.902997438432545,0.37233073205504413,54.89444805347123,21.780526807378703,0
7.2734182214478045,0.7195040358081443,10.951081566572181,42.4000678131502,2
6.941760843638601,0.4966550347112413,58.77615959176419,28.30998378637723,0
5.187662913945749,0.32002032195548963,56.42696970281537,25.30175353431039,1
4.268680452351475,0.38224822346165943,66.79142288810118,35.50901627058383,1
4.074585201919604,0.08099519135790932,24.56946653876207,16.97667867311136,1
4.141078926323868,0.08379784709241309,62.78816522482389,14.057995332303237,1
4.62522516572097,0.17947035938388423,34.920975279070184,15.989086557467834,1
5.661513656214553,0.31199186066317747,11.491902259972312,25.101572538207716,2
5.893602054036368,0.5898291859161773,10.181561826548352,29.607509423688654,2
6.989840334780884,0.780584163529843,10.420571789534547,29.72581657351572,2
6.435158684835133,0.3265498119296215,17.573221019843864,30.244286212301176,2
6.267235961005303,1.1035579709990886,18.531877976163077,23.03837064427276,2
5.235299423908701,0.4619030865509784,67.99604860000802,28.19450908653394,1
7.269819308101839,1.030564002424553,14.414815986110069,26.31190761166114,2
8.902163283550841,2.730535027547453,78.47258086226785,19.79075686662736,3
3.880754525236503,0.11418754251172564,34.297923644250076,21.095464716350385,1
5.3522202170634,0.4741789239311511,57.4715431098022,26.57752653811072,1
6.662090060418956,0.5227209609262725,63.455377516926184,15.904346244993047,0
4.612799379772779,0.24323525041719313,70.19364460131708,24.69246776691985,1
4.9367935597497095,0.1597668246926438,50.27375458094923,29.20584593002902,1
4.071482633145377,0.3724291977644214,60.523355193116586,17.618231704409194,1
6.450984287276452,0.5721677438008048,46.00807645973928,27.850541699698276,0
6.385697371553639,0.7591472259059836,12.668401082869714,40.69138058715258,2
6.6224788419596194,0.763572287776722,36.04992992693524,25.274858791612495,0
6.331002365751096,0.2496652968050356,39.31287901227131,17.992690445143523,0
4.530791614145609,0.14320673198572118,36.19949818058717,16.902790797505432,1
5.205036954072644,0.187929655866561,61.812276780902835,32.45827873911821,1
6.717200945207773,1.0870241999190233,9.427645611201559,39.91248921907777,2
5.149987817478127,0.48164384551481854,66.57898290232487,30.795034055487744,1
4.760684053678936,0.2741611355430084,49.191035070357515,28.8443484479937,1
6.538110366176909,0.7802403622790248,47.047943364614554,27.38184845841842,0
8.393777953588316,2.2930182276238282,37.37218295420851,17.820461000889285,3
6.294168397182311,0.26501142502585984,58.05588209547307,23.032183921330134,0
6.771127454187072,0.5920894786005841,55.88750407328854,18.025272053733836,0
4.599909285983286,0.26405631627562787,49.13027159094415,18.103855043751647,1
4.46676921247614,0.23278356915648848,77.05394136860373,13.222521483139092,1
5.1703671273804686,0.46589534782560366,44.94744042855717,34.158683949989396,1
8.02533886424931,3.7119166166170876,39.76235786277835,33.48837143364682,3
6.426989846949843,0.7313795571721452,54.35744648598721,17.72494970905399,0
6.031767741467684,0.8284162648856345,9.249886353345753,24.893249484907265,2
7.157657217057945,1.038089444766709,14.682004227483413,30.511214737585615,2
6.423600277213405,0.7875196169565604,16.20494463999032,23.544123405830604,2
6.78770876160686,0.8273244206568795,55.717878419878026,17.464228771274765,0
6.299822027284743,0.6970480247835446,52.291798659277156,23.8827335955164,0
4.229545801964085,0.34348433915241694,36.435882214166305,36.2271042250213,1
6.311108986821632,0.5319854123493266,53.87076122427781,24.708979269642697,0
4.468114596758577,0.2222042430511302,56.384520075440605,31.22252362968864,1
6.228740856717833,0.4495804108010202,55.59599827867716,26.733119074973423,0
7.239011735414753,2.9732970164961796,78.13089890381393,19.901744145614764,3
4.589329867991997,0.49891977779900987,39.11565777053006,19.028121438636944,1
4.685187464904865,0.32189968809865066,60.41189769159158,25.115127531498654,1
5.647381318860523,0.9818812888127563,6.671972104540715,23.82077546767632,2
7.167121239816578,3.637720689925225,44.371227366407645,30.015668786264932,3
3.910178749920402,0.26435881878763096,28.679951760950438,16.73741534925966,1
4.077998005948193,0.4894746380071222,63.79292540616548,13.037914252913705,1
8.792333042400633,3.7906485261155933,50.12350683215455,26.14488668109293,3
7.500947186189476,1.862088206992445,48.63268510689742,17.811466893221013,3
6.498713622237735,0.6716300905609752,52.81003056251105,18.76495771950616,0
6.25756979376587,0.22038194213678905,38.225489622092816,26.563708094802195,0
4.125376208914444,0.36205805092866067,28.584197612424543,26.215533413883588,1
6.124882213924663,0.1885479457445651,49.17191674690313,26.942892856502937,0
5.400600707778915,0.5509756815387568,26.451233222790172,14.987195655074,1
5.661990138218722,0.7832864859178856,7.1686268498746974,40.03688463167999,2
8.3012494085052,2.753561043362781,81.95811765003356,32.43002676850596,3
4.596510762072802,0.4522789000385235,27.70553215469569,29.849948039678242,1
7.163342318273875,0.33800397710328967,66.76048441596896,16.808691620251725,0
5.651123404299578,1.1166438566698063,19.127724011842133,41.086269790398106,2
5.284357776358018,0.2927825425318875,38.03104075748788,16.04680586379945,1
4.86588279113851,0.5019764538157675,57.75932354783075,32.207441058246005,1
7.346487461897188,0.40888180831896437,17.26139571266573,27.962046785211385,2
5.324627109748971,0.4154559333079241,23.45861517532064,11.975978878915823,1
6.529729518323911,0.603037884231227,35.5101717220119,26.168021375244667,0
4.821134834814956,0.5018392660527266,36.87494511565777,29.180277722575337,1
4.333522173753586,0.46165276978657865,63.936216805510256,31.68051695660538,1
4.108909740581036,0.4110566790768877,51.6644837334576,14.880871496330201,1
6.458775995506543,0.6398991423466918,52.151798624974305,20.112328379479383,0
5.2081335998280105,0.25094409765449627,66.16282747244668,18.237458700025275,1
6.073584999202997,0.7212702823306651,54.58845454229757,19.863880495534353,0
6.7797812482037845,0.6331237404541018,62.60736227357669,27.11560981488213,0
4.397077069385895,0.4599692279369218,63.71278921106056,28.885967455698296,1
7.871674980686256,2.0326271777542515,38.34409796138096,22.3139048027686,3
6.3978779624970095,0.6959826251231759,10.535442342309738,43.607948044066895,2
5.189524487691312,0.11045124932150581,42.52250993061881,27.023526532224807,1
6.100036944483212,0.6377073753485496,4.670774672913093,40.36126481770237,2
6.904650841301207,1.0728934831877375,11.82112993499419,34.12675436300104,2
6.332866697296598,0.7348928731400894,11.277180982613228,21.466721951492808,2
4.399393551979985,0.23427129061668098,49.002482030244,36.74588120640811,1
4.2590115494519125,0.2766312041849473,26.50843628059298,32.7274195774303,1
4.608212526499896,0.22163456336581477,50.155129580267065,26.561724181678883,1
6.0868234144906825,0.5175573458447058,37.071141657981066,24.11024746088335,0
6.780183550022791,0.46293452453427825,10.308405981626061,40.719281806984675,2
6.246453413001827,0.47564500348186417,38.07902061144122,21.477552133970445,0
5.0362947250396095,0.06119123310574302,55.95816605159215,35.54425624291944,1
4.516725591568613,0.21406770493927135,29.558294498967722,23.731883694915958,1
5.19325795805399,0.11497385535023591,52.17964157923808,19.195112335954157,1
4.426542114483502,0.09673643968974263,47.518177416629115,30.15396908706288,1
5.065975822109481,0.143476778391037,66.71711230027147,26.634694576220586,1
5.982960813107416,0.2022721466152128,9.524241647589058,45.528216803559694,2
7.028194429051736,4.4200969416290325,74.69260834930023,25.595963110081012,3
7.183269130614413,0.8343561399382303,13.84300900379101,25.267474777963855,2
5.378040467854466,0.5109841658469404,35.757501890273765,14.873055535669685,1
6.572349202952473,1.3929644203890263,19.087614265676347,21.121123731269808,2
5.251205290998988,0.25190738561109555,38.57456242402891,13.692399657535603,1
5.182292882708198,0.5028409836401597,55.26980466434288,15.714445913313849,1
5.075393634570773,0.33955601187114676,57.87684569251947,17.644450894723516,1
6.079907485547253,0.2674422958038727,39.15194819294557,22.496956595551097,0
6.910425263397576,0.3736470068396892,65.27383182020459,25.757447683773155,0
6.236777888431713,0.7096391944452236,45.74921544353315,21.200860498552572,0
6.745804125814406,0.7469683794976387,2.0,27.53947510715177,2
6.227406300317386,0.2943778120071152,53.47075669697215,26.2459323537177,0
6.62773307667293,0.3239510955557287,39.7622185094532,19.021268124163917,0
6.551376804436141,0.16281290904662787,60.33668480551098,18.860146938847514,0
4.7701052663816785,0.14331065400513887,72.0320371106228,20.46799275419898,1
7.396195859970418,2.299042299716208,40.35553375779611,15.535051606038866,3
6.428344374925847,0.556923058121941,4.494480758397112,36.83535923676917,2
6.398351746425932,0.4639072866652304,10.396754168805206,29.881713614691535,2
6.3560519872702175,0.20024270492171126,39.56301706433594,17.133144108302695,0
6.504473453317687,0.4510431442734147,40.488162470782505,17.237462637298783,0
5.024469859168715,0.19363101238278432,67.74468055267377,32.99553836423784,1
4.562143004896125,0.3980664350680335,40.961438246372765,31.95182993141547,1
7.17612109479024,1.055028103487625,12.507427120501628,33.428858962070564,2
7.27937145623335,1.8654920814723481,73.88793098972367,32.23567210398183,3
6.929217174347526,0.8003714374254403,57.16679660156614,27.885648650090452,0
6.207619668220609,0.23124634874089195,41.33578581961296,14.931590308320752,0
7.639268616936942,3.968601733176892,32.26098984095872,25.69993624226331,3
6.410733058854289,0.6238580321990355,35.13400549996397,28.82821727972278,0
7.76116368675574,2.3033380777755577,48.54696660314001,32.39333094142085,3
5.682154887653413,0.43151394038023383,15.270576563689772,24.193429989188857,2
4.6308470668206585,0.4485919543117138,45.774184863774884,11.467492297241083,1
5.931854413893217,0.5113737558276452,18.973218955320483,24.115902784501515,2
4.1062925518030005,0.21335887301981843,56.5929770094791,12.77274744783848,1
6.157749835257011,0.32018447294292135,47.27218023960769,23.791665011580843,0
5.248654433299868,0.20926841827400947,71.52984928369828,36.69363035325578,1
6.728333064640975,0.6763783052004861,53.69980802712244,31.242864256210385,0
6.502280729195346,0.6612188248206641,54.5453042022173,21.69747936357915,0
5.569099900744935,0.38375292447265763,62.06824058358665,21.88585804167454,1
7.765642259358446,4.058843305696345,70.54722535274607,20.019833476051705,3
5.6002094158515465,1.0006019984076644,20.137017676224986,30.290210369559038,2
5.050678097174007,0.4265933056489671,55.10872191203176,25.675876101954795,1
6.041440747444932,0.2500531650031603,52.67859988233883,28.040328007981753,0
4.139570609038206,0.35542834306647975,52.529681443494354,33.26231674663994,1
4.840201207775992,0.1554311903350888,28.5518874486175,26.637781221350952,1
6.3698407527853504,1.0043061437871819,15.081124985345113,24.116996159536804,2
6.848887492310772,0.6054795715156732,43.84330867052744,22.967925933277606,0
6.152423104763765,0.6094432401406974,40.2860875301998,20.95552737015355,0
6.705237272733479,0.4519006152846982,41.93459318494389,29.42559194776165,0
8.731229275072142,2.6675243417990133,47.601952272832655,32.33587656868123,3
4.040856040045431,0.2457033559191211,51.98286714475994,34.081051234632426,1
7.157619660645706,0.21920271270649658,42.23862722448339,17.128198424705317,0
8.393187248436599,3.4938688373588302,76.54515973183787,32.69087162183338,3
6.589846483459883,0.4331601589310778,37.909175628482394,22.396370318289794,0
4.59812301271747,0.44193358548014305,62.339073534661004,17.98080295439438,1
6.042333972763333,0.5730416063696828,15.865515152049603,24.52548499161414,2
8.593237746307738,3.8452031573878473,52.85786940477811,22.49066751714846,3
5.042996335428169,0.3751378471649617,46.43753086999021,37.716700909434806,1
6.131681684863222,0.3454425234044203,60.36198774894744,25.46580904480401,0
5.149229907425113,0.43353712177978276,58.238508339511775,19.010724881844375,1
6.536576622379377,1.0907201411370688,15.920479029782548,23.010720649167375,2
6.874516092095326,0.38880204863156587,58.15270298320103,14.768175733294347,0
6.816116769617818,0.19553971126468578,62.935943758875965,18.491239383068898,0
6.840383089231131,0.7125088115238384,56.09616321867511,18.21157802813907,0
5.151684394737182,0.01923824302962307,36.17262553503818,21.15742471319745,1
4.873635351784268,0.3556002492700467,35.679988550365294,25.251817494427787,1
8.13307266673307,2.483256099954152,36.01557007683657,16.103256376283067,3
6.3879808811612815,0.8037028940024383,58.36461075709878,23.9694592398814,0
7.537829402034838,3.585512787834724,53.52347504906067,22.42612731442752,3
8.133917544795203,3.734429020927183,47.11333130177156,22.069660976641547,3
6.3328715445598736,0.5906825655977322,54.0662870007942,17.530786035922567,0
4.005407425091863,0.3401058402070771,38.466640215966166,34.17605425026523,1
6.633313800130652,0.5253066423742604,36.5145894660771,17.727766688953526,0
4.042299406254462,0.37412298778988373,33.665195306011626,24.694904756268603,1
7.164342847481486,0.1437671210256185,4.671523665529895,44.649630340346924,2
6.106000081506454,0.3495902979204244,42.202515941625,21.03808759033247,0
6.705129520177496,0.5281003447257943,51.13363357006532,15.6306630926352,0
8.011356033681905,3.24393224662666,31.534937953049553,33.009917328835854,3
4.9925359456576155,0.12034190111624583,28.187522800135326,12.700733958693936,1
6.246550290848546,0.22974448818764648,51.12383854145033,29.23367555528901,0
5.788119400576396,0.6608056453494302,11.337187377718422,26.27214052187381,2
4.303395241118151,0.06780255949889427,47.37998398794484,15.346111821979333,1
4.21338914784813,0.3274019511095838,39.147289688985865,35.7771615243002,1
8.034539404204263,1.903040579741833,50.15533311671682,30.09353872962494,3
4.2571876043896495,0.2545763906136536,30.31009753180137,16.311632701848495,1
4.648253519494299,0.36836299358239694,72.97757319755159,31.179351163593836,1
4.531893005259168,0.07466805463822238,38.53302920773532,23.71507466431001,1
5.85537675129097,0.1747191890487382,12.617390136492073,38.89880159390368,2
7.757980849000254,4.203324362361774,27.051079210871062,28.65145390847639,3
6.6043167914141305,0.7113201232687376,34.74992129442365,19.023010166633284,0
6.87680806431953,0.7401743019498641,49.81234927950303,22.038283569424454,0
6.88938726298135,0.7962078267630175,38.01857473559478,23.813516945445883,0
4.543321400187033,0.43964972283615533,27.604058773603157,25.607951374814785,1
5.873020023568011,0.9253954896781862,14.132721365675867,40.748507560383935,2
6.651925131448922,0.5481279486334918,16.679591338760638,37.912144975074305,2
5.93879648885558,0.6979903637432,53.20927120266954,25.221665944704323,0
6.640427878158736,0.1053092054121979,34.77586147100125,17.762398523732582,0
6.190865073636062,0.27688355819438853,43.324338972298115,23.263274615090022,0
6.023789396914823,0.48100820588918486,48.49173957063819,21.22573827333304,0
4.215354177444255,0.11024071449889045,28.526913831569004,25.81239113304219,1
4.121883233057247,0.35194502447864795,55.75968154018839,38.363918205281166,1
7.458380233022944,0.7690309937981347,7.705393242336824,28.78370881998957,2
4.902222098840322,0.5250776514222801,72.10429513123228,21.69849547518254,1
8.618971004936979,3.3981666898802203,40.33085767871928,30.10363514447245,3
6.391055755385749,0.5767022456285321,40.18546917961802,13.99095886320596,0
4.455731543698105,0.15083751211250968,60.840596260640254,27.384006931904935,1
5.370216496027835,0.49147535629120714,40.746072010915825,30.386092957503518,1
4.288842140830862,0.14507719905097122,64.21835888516323,36.04465746704751,1
7.120837304411162,2.4993921751459824,48.20446310400389,17.661737533633445,3
6.068645762265486,0.8139046377108374,5.213665268751429,26.788535158116513,2
6.857468812507986,0.21851039150995505,47.208509181940514,27.08512585750898,0
9.09375168914855,3.4655253524529397,75.44007447524996,16.74988816133181,3
4.816143144831084,0.4081046181278428,30.072083340514165,24.638402763311618,1
6.557746216902973,0.09876076004935955,39.9217804707063,26.466281116977246,0
4.986985290977198,0.37846225046529824,59.17019464052071,11.759930287519214,1
8.571631446172873,3.3460704296537807,66.38580584963572,15.376562430262245,3
7.964333006508679,2.312953019416104,65.34772500762674,22.845819681503816,3
4.985404009890511,0.23289970538552424,48.81534222500455,21.612326100715038,1
6.535053447633797,0.311133696861166,39.29376261823341,21.17317664691965,0
4.000899300297232,0.4361647423220454,65.39425981331505,14.515770758739313,1
4.527409854973551,0.3241639650227357,33.49055299449768,21.06398716618885,1
3.867167141450661,0.08073322232505119,57.988681515171024,32.57598323217213,1
6.882230515320117,1.2169708310412422,11.766032676588159,23.097135643083053,2
4.430013181445024,0.15912508766515984,47.16687218732276,14.993199898048161,1
6.083144417039287,0.3821707629055732,57.9167869905763,27.956011111716332,0
6.351194576022874,0.615671589281063,47.54210698670061,21.404584506282973,0
4.772620054501515,0.3314851638879585,34.43997652863695,23.5525823159033,1
4.568031086804185,0.32101869828137813,69.40589049421301,24.724901421493016,1
5.392152660245546,0.16241568414879062,63.841449786812944,35.652139627573824,1
5.890401417017523,0.2685174310729466,57.99544145559547,20.378686041102522,0
6.253132106186447,0.3788707797956178,37.41682820386907,23.72164936447741,0
8.079926661845368,2.3306562517566833,37.75364934233022,34.587773334998474,3
8.70712779072244,2.853144631155515,54.846043354315725,28.502005926878848,3
7.233437600013441,0.6952769141100134,8.340321481633694,45.02649088251483,2
5.190446218998232,0.2934716016882001,63.74121750214204,32.234324449030794,1
4.695954027534242,0.19981353059307558,29.2152485950515,29.247747213796345,1
6.740393304522379,0.19735537369860146,47.20857060969152,17.878828130157085,0
4.466504103222482,0.49206945324902435,25.893686352971507,18.292796702712618,1
7.424211828987444,0.17501316151896493,13.430512986029335,32.82648011718644,2
4.6846470537187335,0.3996190292547979,57.51867152796896,27.301621607859477,1
4.421777246860732,0.46990625144891107,25.354913900339284,13.090498417977031,1
6.688655458448147,0.508869223780959,65.16549915568005,29.470594846525856,0
6.942388139501598,0.3565316010219555,61.19270516638749,21.69390893122897,0
8.37543670825259,3.739494065724247,54.26721751849841,27.561074400379212,3
5.775922977427129,0.16754000377983003,57.69542672227367,20.95137178732418,0
6.982194508806116,0.25239664581927795,39.503498115392624,22.267355828614896,0
6.22185733881351,0.6489210056770911,44.98691816684124,28.545248044287092,0
6.333174308089955,0.40853824310758663,54.44318297094666,27.59528676307567,0
4.22239831265723,0.3770492210153543,34.6853087638012,25.071142549413,1
4.301922862706944,0.25203508205231895,54.153919722799344,37.95048561953465,1
4.67504451520681,0.13275671507770384,42.611114621459585,30.858784436894783,1
6.264804745232494,0.45968804766254623,41.986728691148194,16.341729718651674,0
7.2643293362362495,0.39340473323084546,4.968264571180393,37.59512879654356,2
7.268688868421624,3.503623779570168,50.34201465257595,24.979159396958078,3
4.986495312502217,0.29097417159358535,59.47057733641604,21.895377817251866,1
5.008598488558655,0.2189480898659424,72.0842522251108,17.790879893981007,1
4.908570039293682,0.17341269648785287,26.734140925146214,27.74346765356043,1
4.589046197095553,0.273264299666012,32.639343740148746,18.18726180913223,1
8.111290798082246,1.762256746965281,53.595157548381536,28.89302974787395,3
6.144599979734642,0.4793214344506661,61.20069718942761,17.74013390098532,0
4.759732166983234,0.4422214694158072,70.64668059172023,34.17792383037878,1
7.497024987146623,3.11923475113256,29.56608388940881,33.721091510620774,3
6.005768191868875,0.6934209091262051,61.44877226521973,17.035068166958375,0
6.083033866217337,0.6038903979698994,14.20278078362994,43.3150680697875,2
8.776420012866447,1.9240874492804922,31.3103611706673,19.577323321773235,3
6.329083148319708,0.2740657875200678,51.81880644320632,20.590538383639817,0
4.9035854443354605,0.3257932011192753,42.96604070200355,29.16713274642648,1
5.105848896571377,0.28569073659910504,66.6284729194994,38.48431077177115,1
4.967706906268329,0.4744659785128752,52.820956550849246,33.55842009606697,1
8.205458257668395,2.388548013790125,41.59255070632872,20.5170771137552,3
6.80809171945799,0.4670895576436926,35.025097443103775,26.984165870377065,0
6.484519959659015,0.12608277343552804,13.318547336053495,25.872934015794378,2
6.140922294419341,0.6334540391848438,7.2466492201957,40.83722872879141,2
6.198999518344238,0.37030999519099794,63.99222974434478,26.192392217507646,0
5.882162538352215,0.7293295279041905,55.628819267126104,25.592179689711546,0
4.964056234928846,0.23971634971700498,73.00680190084333,13.540743868710106,1
4.680632154052763,0.32770266215087646,24.225901375015074,36.39798619578,1
6.635091893708177,0.6416070945024239,62.93954708930834,24.049126100914744,0
6.020311559686709,0.36286605854631354,37.188331130655826,26.18447972089877,0
6.878327862291346,0.9068414267092045,11.956760684159326,38.921943196457356,2
5.479568168045955,0.2673348805539569,31.023363757152122,27.72258063229954,1
4.495007575629151,0.2760207476336954,42.73813110009175,36.528632773260256,1
7.024262253943209,0.5426215077597815,10.856067770843666,43.58764278931771,2
4.8645416791641045,0.5317161610821617,31.22347548403614,24.52023382191653,1
4.8074725574652435,0.22284345719448914,68.68973432110009,23.2450016575471,1
6.338853891014033,0.576389204007968,34.49178078642861,25.44591544091329,0
4.720295810807603,0.3900030788627571,43.93763972461678,17.33573464605225,1
6.272810422180273,0.4005460271477196,61.27958904597082,21.8903088963174,0
6.414799008641617,0.57870308945901,54.25484704287625,16.667450278676334,0
6.84071656984528,0.22840606713213893,43.94627790078883,24.055348019464756,0
7.074124964118887,0.20483173086942563,41.4060441041786,18.269142987955114,0
6.745910837498852,0.22725949554923572,60.750138967427375,26.025352996606422,0
6.573687631300408,0.4988948681977619,62.60479859410831,24.769716011701856,0
6.16288702519659,0.43687919916967394,49.395063795958116,25.076921512957252,0
5.259621516970881,0.2905408197837487,66.6194768468106,14.62250445269825,1
7.523433742871797,2.9204074671372915,52.58016736527882,32.46851214114117,3
5.301412620443877,0.5644963621710903,53.35289253671682,12.279948645742573,1
8.925611017269981,2.3130200416296205,38.448231404175374,25.151536816679318,3
6.866146877309136,0.7940727304424461,63.80630125057795,27.733990000948456,0
4.207683001567906,0.5729709168775593,30.816927850993025,14.353169594718237,1
6.270162390786865,0.7830831815740272,54.20951483834904,29.563426066725132,0
5.362207579928336,0.3578756935675731,56.886442768402794,19.261606619816348,1
6.980000339710516,3.9302385036671126,64.61822882207949,29.57058362841802,3
4.555448222490636,0.1006810582698858,44.67832297801279,35.31321171849265,1
4.910943848285502,0.14780790587777456,24.708147544776274,26.3353274569049,1
7.031350399226295,0.4290238555029132,57.19525086154882,22.462706731008286,0
6.958942443450131,0.9768527338528512,13.268161483355026,41.54569641691689,2
4.486083545296074,0.2828257953903141,50.312786745906266,30.929591803172876,1
5.125304046656996,0.4059306855602319,70.90566238460053,13.860089045242052,1
8.433559824146267,3.7141986981331074,84.23933598696267,25.105187193070893,3
6.5352189200599975,0.675112209185004,39.966188791240135,18.94368268339032,0
6.094462438484429,0.16676117225811726,58.02312965573714,17.804499308519066,0
4.192491071593114,0.15320777847343733,69.59049783263666,32.88232829334851,1
5.156988200217235,0.2644748410602091,44.978082317877885,12.285177444804553,1
7.462821409044739,0.20701417378151643,10.973106441729964,40.90020862695212,2
6.27268024632605,0.46865003866606564,64.40538943753586,25.566775796341176,0
6.294051665577494,0.20300511239577745,63.26683531973281,19.437271500681145,0
7.230198693753726,0.37405853610743967,5.401079482504484,32.03130807659737,2
6.741557780406241,0.7881391707709212,58.77615220013641,27.814072737889223,0
8.276136789389925,2.108888830678034,72.2254846446641,30.613733529385502,3
6.101506522968552,0.7660362810889848,42.959495635989455,28.465191786588043,0
6.043118749509749,0.6859384886526964,38.49402992821774,17.686389449216435,0
7.110090766695687,0.3313765249172465,5.9824443469837645,25.51388194123814,2
5.289541539686219,0.4204182171374899,72.11737530377978,12.697770848845003,1
8.67466139942325,3.6068374035035324,51.45952723572039,26.091355977504534,3
4.182788115060083,0.281511346513095,56.31859042634896,31.9319173316301,1
5.500001207594123,0.3998594247784764,70.91365396873644,34.818485970540664,1
7.6601183700817135,4.065764946568315,60.73897823178437,32.44410139265645,3
6.946890870931513,0.7026477039620925,44.71292687960147,24.977049624643293,0
4.065174984852812,0.2580741985697222,60.69641573937455,19.939847126468752,1
4.261174333531515,0.13527640864034488,67.16839942195001,35.49824098209838,1
7.401730910136682,2.467577151344124,56.30327656465908,24.542264984437956,3
5.75760092766088,0.4935142513907444,15.688630717958409,23.27624673635064,2
6.840637942889396,0.36041007441984696,50.77502710516749,19.85528019972932,0
6.894522761411063,0.3011200544010749,55.67293392239289,24.225893588198886,0
6.014586740972821,0.31871307559224965,46.350018732071035,18.7147898557525,0
6.387788200343074,0.82345507855232,61.81227701150819,18.344210881670865,0
8.353148905089304,3.7720902337234166,43.1830234855446,31.595154684640775,3
8.798345123182946,2.869551902465255,33.777571726583936,32.227485057881275,3
7.745584858580078,3.868466227612592,51.796110825644924,19.852902066608475,3
7.243437061861781,2.927366855957673,79.00868567729825,26.51720025052459,3
6.926506033597212,0.5923927111567445,58.38681390249035,22.7068042939463,0
8.35021125757181,3.3583882660813,47.31578530065533,16.52806483428675,3
5.128988540612339,0.15074523925240257,41.91636476625053,29.77685275836237,1
6.551526662059677,0.41764569359365866,37.75257939459207,22.019807816968825,0
6.7069346996236,0.3592025041920123,36.9614865747896,26.66828033069361,0
5.058864145614046,0.22981274050314884,66.3081381387219,14.321918067095941,1
4.218238310221561,0.05327445538129469,61.72412432375624,25.261525886881113,1
6.503611939680664,0.3591901362501637,49.87233002408932,29.71042854223061,0
6.125793952365129,0.9565477412712322,12.14862712196757,41.38662967631651,2
5.195156372624012,0.19930731227531315,42.52724314441171,20.43421314718428,1
8.74585502488468,3.385426301517528,31.762222469636182,31.002837187483067,3
6.551567397367716,0.5067798843961673,46.3494337093348,23.791744378110646,0
6.614244434968856,1.0372606364192238,6.8544029626678595,42.54431235354911,2
6.461348329225023,0.4003875353218204,58.9355112727791,17.272108432109697,0
6.051860946742712,0.7288609574521036,10.700566179323934,28.994115774002267,2
5.182761362968953,0.3144941740438365,48.38397304424655,19.515736270387997,1
6.792242662726874,0.40319563690097227,11.302695464239253,28.179127193422605,2
7.227169688854632,0.1270485067726526,12.614192563648368,26.594742378909526,2
4.235482025646796,0.34085128054917485,67.97244985476134,19.376575480670777,1
7.657098627883191,4.4903319393236165,39.25890177214271,22.228057950538506,3
6.1913039600434905,0.3250066430966636,54.863379965324086,25.932864755752465,0
4.292069581278099,0.13682160456655024,72.78663280106453,26.18908205790701,1
6.992318888158864,0.06315911168088297,6.212138576701414,33.75838831468268,2
6.982273493934483,0.38972278532051335,54.57252799161217,18.52972784124989,0
6.442588445184775,0.794406441362813,64.28721224525587,29.99347913415263,0
8.69941086053249,3.9178559017065955,63.84630704397201,17.029692762836873,3
6.68301878495529,0.33385317221049715,39.152073503059576,16.116976833747593,0
8.667609334377921,2.4389813170825736,68.33878943741432,30.023341321182823,3
5.874855629358267,1.067400404520522,17.662079074623417,34.6105352047177,2
6.088204304960573,0.5192923816694139,39.37270378975248,16.483607544050592,0
6.474067311210498,0.7244105539038905,49.06192906355617,19.05370075711859,0
4.221216039030805,0.274044036349256,70.39301977960474,12.052838790947941,1
5.514497047208924,0.1753347345989802,23.84356824577834,30.6331925584707,1
7.196613569906543,0.43075587064959947,18.776333564347063,24.27553107064385,2
6.268167249114301,0.48860477312609135,48.74394754034644,28.788872106698847,0
6.815634476762088,0.5349558519917381,18.902096610878065,30.891630694780773,2
7.383974134938226,3.4306481682247565,65.11859002136396,30.674796645143957,3
6.913872488913583,0.6435933308367581,51.1773149286857,24.768708899609635,0
7.318768653560207,3.5318145985997185,62.52636639684649,23.422429864134262,3
6.784442873798448,0.43179524136351133,42.67433766079897,19.25399068687359,0
7.123769974011678,4.069253112527299,73.0004659883154,34.48741644592666,3
5.456955730508534,0.3073430551396789,54.83970261564889,20.082719232120958,1
3.9732668947522236,0.09995376368743653,44.80084956379034,17.498197187898477,1
7.132697718355754,0.9180585171017769,20.808636605969454,24.54048797640928,2
6.200074557035264,1.1343859562949312,10.937572176522675,37.87192783354092,2
6.194217684131474,0.6593377475996933,19.783916216752786,39.665989235733555,2
7.355721535903267,0.6106843447796693,11.303113573763683,38.75079038570316,2
8.536813623283125,3.6627298693448944,31.033510433038057,27.241676575205833,3
4.161832969519759,0.4072470497907899,27.193435272334725,31.38618289422599,1
7.229424721566042,1.0663666815715984,20.863986518250492,32.90207248547853,2
6.062164164541109,0.7043629835477052,56.24838322833479,23.54549834622449,0
5.320698239966061,0.435710155240503,63.12223523872821,18.21420976269527,1
4.416801421616402,0.4497842588506319,66.61505581023535,32.117256270343375,1
4.6119208865471535,0.40879590878350597,62.96946366338515,25.252298839443643,1
6.410538548026692,0.08168348524952934,10.043374735473098,27.419841788758518,2
5.283892139517467,0.17867422504232677,57.464460906425536,19.79814977976273,1
4.444108304135176,0.4427954964713474,36.56418574060338,14.522029643667377,1
6.143742282587811,0.40415699982481207,46.138697690131174,17.208972711980998,0
8.849132415179891,2.717015516852678,79.64287632996799,34.26665842065863,3
8.809552439125051,1.633835843475588,65.07624923796608,31.68364112680055,3
6.019831320743046,0.48689038878993607,42.25041096260115,22.481055770643483,0
4.277659739451671,0.32528654862624334,31.385882263353437,13.06290258017709,1
3.8079156371296543,0.31908872960612134,70.22546138647894,15.540458743833232,1
5.973238454954444,0.183392096862988,16.15481291451737,43.05190283961219,2
6.837959812892286,0.17883851219814365,50.40870859815098,29.114417838389162,0
6.523266248762237,0.47668689890049465,6.962346310819524,28.09607020983496,2
5.725225157304374,0.6422798461004997,9.227302456913204,45.31968654792449,2
6.1196386849926165,0.5781080521600737,43.15231873644724,24.3085947051361,0
8.656022778828529,3.274680684928681,70.49803867945113,33.27718496496472,3
5.1504004254477955,0.36986120647850185,35.3240047575849,29.245257274588138,1
6.698761294542348,0.4866716219566733,51.003145894432585,24.588890751440783,0
6.672739353450665,0.657578317277679,49.85827696225027,21.22937129551289,0
6.268869994725079,0.6454031544393216,51.73134130421607,18.265276982089137,0
8.09694867681059,3.2555189530752626,45.65074575274112,18.16382623460998,3
6.704725854354079,0.3487862787192107,54.78016022416056,30.534454186290912,0
8.203948420673457,2.8145059169984976,55.74401183762866,31.230287679130562,3
3.6440787227150033,0.3611930953557471,62.966484137630815,20.723411374190555,1
8.827934206936593,2.427961383247025,76.80959760060975,15.346961945930277,3
6.203123856825324,0.4678647215961858,41.42189810911971,16.243477203119195,0
5.2140805267891,0.36830038604071536,58.96962063690703,23.991051712929657,1
8.677789340507276,2.0411601677837075,57.320908495029634,31.488928135423034,3
4.75436628917627,0.404795083944667,33.38614439937443,29.911877846481385,1
6.67715966958017,0.7478476586056035,36.6503910939172,19.526477217947512,0
6.227473187380913,0.6825197041930217,54.678477731930734,22.740981211550775,0
7.389189473944381,1.0954537192964504,15.72377507320002,33.507377562936654,2
4.230043044038434,0.11975121064150787,21.27457466451996,17.280856473232955,1
7.127768901612077,1.7281808229268074,44.79038856731437,31.48062707019515,3
4.823306156920557,0.32606508413596536,46.27587368895188,12.638564398644464,1
6.066860204645321,0.7401454067999584,12.093871053462937,38.591927197048506,2
8.830451323192122,2.1041375615201616,54.59351440819691,26.24577594458239,3
6.275899136933179,0.6288793596233,34.59058594300135,17.2861407646985,0
6.754695002866215,0.8471776784116306,54.59076831971737,29.06632965580271,0
7.951622095861006,1.6694852240892437,56.1289023913623,19.322799358842815,3
6.381080300248347,0.7718956193082211,61.92524240214048,22.218620786803257,0
6.709854084441644,0.9701435060409328,15.54974904646788,24.036096395785915,2
7.351022826502802,0.47815530711463705,12.813194051347713,37.73081417089878,2
5.818381303727583,0.6245329488768714,13.266598351309863,38.32888672778664,2
6.572293390317894,0.7413847990244735,60.110725083124706,18.199036359896162,0
6.202030057169426,0.4079508566176024,45.36556543865086,21.340965597004196,0
6.787905950964783,0.7257471976985047,60.57042155429188,27.78569050000304,0
8.443451213527998,2.422913898027583,57.7982995838975,33.213510960527344,3
8.601800007962744,2.0597213686169726,41.981755734605194,27.204476910467765,3
6.563233993276221,0.24929714564179392,63.13660675549405,19.238239124423842,0
7.120859028376306,3.2660151767765697,28.460030195312488,20.74425914465997,3
5.226076828322946,0.1240352399627935,75.37545087169643,38.288691817272245,1
6.528866655413859,0.19135287753802166,38.470878826217266,19.322017238790625,0
8.075426142038797,3.439811583312859,64.34391888073255,25.505347210015238,3
5.231251076055271,0.10000637680389818,58.83852674465043,28.88383902779619,1
6.194837517211563,0.8040800323904661,60.482123445783685,18.286916328767546,0
7.327776816631839,3.3662278371213326,73.59954300153736,18.127257546131037,3
7.263158958942678,3.360597402994125,33.95584085875443,31.1372334388885,3
6.808508360964613,0.5511052169907874,36.74191701655449,29.085672594147585,0
4.806407585929542,0.3779874750417163,53.656101283127896,36.5986411735518,1
7.616970031443795,4.529121596958287,45.28286190673134,19.971332874705794,3
6.5021253002376165,0.3057170659075059,36.422131411288525,28.18894729876368,0
7.0978277529154195,0.9670279075298476,11.227153613741379,42.403472354826825,2
6.308747188600762,0.2869959874539903,55.07598606548465,20.6625022536069,0
7.04653265023814,0.4922424182018457,17.587932183435043,28.180124165546964,2
6.453646449106855,0.3693227380953421,56.01382895267796,19.863537354624288,0
4.8191398732996475,0.19053389079679173,52.34800533417385,30.641046475511786,1
4.64219233525341,0.22376924665469816,28.20746848458972,12.01822624938946,1
6.471939653818339,0.20386033014234922,45.42162377946604,27.336065199661267,0
6.5234889427605705,0.7241081454524443,38.74628157972025,16.986081889416173,0
4.888561880415906,0.554234313760683,49.77983121280388,27.9445020885961,1
6.772129348098327,0.9263630743578809,14.30649585222483,43.54237196212079,2
4.385462368301127,0.4513754430268109,46.96320702538265,37.100802585790575,1
6.9080257549951325,0.3008239954259092,42.46002593833786,19.098917026452824,0
7.429552745033072,0.8984640916861758,11.383170036576338,38.62129392367692,2
5.121898471883673,0.3195608386744876,71.43029508957702,30.542223685624997,1
6.908435147294222,0.24248525710360114,41.057684911902605,28.592313407424864,0
6.068413293018977,0.32096859273078693,41.76254616187724,28.627956909217215,0
7.907244364367592,4.06574146734733,32.13165391989307,30.467137238649926,3
6.110792080275909,0.2732547997806715,54.98435749632704,19.407746869890495,0
6.069722164640474,0.6034948440140834,60.002382098197096,23.64150540756354,0
4.226031309732626,0.35269016372124806,72.0632049793051,23.112839300206836,1
6.265710213354699,0.15925511658091793,37.03702640254189,18.62090010181345,0
7.076576280047955,0.1935441874517716,14.165004587785038,21.885140614990764,2
4.325557273830954,0.29624983316194503,26.823254710413142,27.96456280101497,1
6.377411345981839,0.26864085145453265,59.55964481636614,23.84980207138637,0
6.463728839844799,0.5175097803927118,8.85965517575373,38.039601104455215,2
7.197550920570051,1.6888250603585189,56.04859947887376,30.014074739124673,3
8.755530935180822,2.121154887428379,76.52678514763218,19.86077129970243,3
7.420877750690621,2.433822110148037,65.2909448152984,21.7544319240509,3
8.224254922351541,3.865027597023184,36.48865580486154,23.206027372257587,3
4.99158037297079,0.3783126959674993,31.271351921035823,33.92528835813788,1
7.375243874083878,0.6316227627752895,12.496901092991218,25.9442298704366,2
6.249341003804373,0.22483315193115383,5.661312836862104,36.252979882980604,2
6.4257001036427415,0.30093607326579963,56.9932918798927,17.126726989713884,0
8.047943912373448,1.5786312956076165,55.102294039941434,19.847491896420117,3
5.163618044508879,0.2670080235200081,24.952126693906784,26.023579993031323,1
6.408195956007208,0.9096826389007597,10.226989853947016,33.621858730630755,2
6.348571558554373,0.592874719409212,62.57904302435254,29.841167155835436,0
6.868726842406923,0.16022953486049035,47.29373638923477,26.901679431329317,0
6.539175387309773,0.23024431860543276,40.58202299619517,19.55659937058647,0
6.335811101326782,0.30607784884626976,40.02178121020439,28.748394876889442,0
6.752933737537421,0.4586721031437924,35.923776486753226,24.440477221882333,0
7.583569885467548,3.9594034867880588,62.0178942091596,32.018421935938605,3
4.204214765836805,0.1557059236364867,37.743669927711096,34.654924544144,1
6.336032515385437,0.746710520485953,7.372042838990436,23.41279265653021,2
7.204266400435909,0.5849825934061464,17.019691615054075,38.55937686507539,2
8.547839392433291,4.226621025072289,57.84440973928636,33.432859753762294,3
6.215221428946452,0.516348018172532,14.351220103375052,22.163376148398218,2
6.28182105548392,1.0099845872457442,9.068920095751206,37.24618184559885,2
5.908649696394486,0.923451098196558,18.600863024698402,26.74259551904144,2
4.05012577287756,0.5010025386757746,73.00959371530314,12.728172425795416,1
7.796498946896319,2.048043455691891,68.64818442061137,22.28647494520848,3
6.167456748109959,0.7274403502842355,63.26622812973455,19.43033785782212,0
7.052772261356337,0.4755568118360962,21.207627509286798,40.136695297513896,2
4.593686761385273,0.2964392201783224,74.94671871616687,23.25271536861996,1
7.711810538030423,3.9682371201721254,75.82564651041946,18.280829593147878,3
5.19275753569277,0.4589074065156849,38.9146469882097,21.88626367935254,1
7.421377312678273,3.5079910999257167,76.54698612446722,34.32759502566122,3
6.198416498606502,1.0335228977693651,17.694395553689226,26.274750073765304,2
5.981248541273766,0.5537655976996381,16.77301228858542,36.021280437906434,2
6.289519992586872,0.2164278730467178,15.069350522157572,25.55376099288827,2
6.141037924656507,0.6962324678874398,61.79641733388598,18.352386597376913,0
6.983600332003759,3.623619363140851,51.002019329832464,20.497747027726184,3
5.254644553200521,0.29848770227583654,55.89151092504864,11.467299341881638,1
7.05195589152649,3.4435623616210624,77.71419420352629,25.277065416638536,3
7.2949482198366775,4.135826272262376,71.92379527164256,35.51197180470267,3
6.790210018586312,0.728155391239197,56.922321982418396,18.493717384405528,0
6.609996899673868,0.31287793167101624,58.74229848917998,21.248972707929354,0
7.587856370904684,0.6593949269778456,17.69285295247248,22.477091614745326,2
5.669942963235468,0.7423736873808359,17.95620046803549,22.379489319390967,2
5.463859002766992,0.40193838781578994,67.54930159789964,18.47359259612967,1
7.100275527679229,1.013718458355846,7.761326644945696,28.20818216398997,2
4.771629896005896,0.32112582590521066,41.412023784339674,25.830906919487983,1
4.6752915854535075,0.2950884652715286,27.90678304100617,15.51383893279042,1
6.09123706753046,0.3095247576271935,60.69536116617066,18.508312796938803,0
5.739285706003029,0.20505105848809604,57.66679176735116,18.78453705127457,0
6.462700294443254,0.7947342825192933,5.828010942532862,23.434687469058282,2
6.119927759769915,1.1058934831602976,10.013341205136278,34.348015980328384,2
6.599673837951913,0.1518259252098461,12.066321064669532,42.41750758457483,2
4.879489866144365,0.08644800278678363,43.78370356632385,25.668969387733167,1
8.587092268241214,4.148679861687783,63.315022632677724,23.75228104349883,3
4.661317686363924,0.3591637676357428,66.18959662466335,29.898323652602805,1
7.118353456924858,0.6849977017821882,5.777481847742902,42.38806593222857,2
6.127071330188573,0.49051399347489516,17.294271338289295,29.473912224170547,2
6.478204609209244,0.185659963423325,8.7791509262964,23.65402158542713,2
6.445293329510588,0.7568172264820874,9.663083786513814,39.94626938867611,2
7.251808473060072,0.3147642022276317,10.564554168576963,39.48866040767731,2
7.775493700107829,3.778313039983261,47.604431335750824,17.626477851460077,3
7.225946462587713,2.0397563714326594,61.62785017491412,34.27488673247714,3
6.9367158514525915,0.2798094094549213,6.330906924488536,36.5403140016337,2
8.15005927806866,2.273732098812377,31.24833703972923,34.41381511919888,3
4.4755459423906085,0.4984449706912847,54.72518430674049,19.97296623511137,1
6.679918647129531,0.2845561287980723,50.04943590768181,30.29313687838568,0
4.592404110886791,0.44720579479020645,75.10365034684206,21.331945778727857,1
7.685734435651271,4.026609864081351,33.13676615908003,28.228958635039774,3
6.360001861343509,0.5890047665699283,60.03508629600045,22.34676140393306,0
6.431533614616592,0.7021687633480236,63.34448894041175,20.179632774145475,0
6.703199848838113,0.14048291905386312,48.70218684332773,18.870045883225885,0
4.8470160593002305,0.4852433265451107,50.843041745696546,29.90144477221351,1
4.565601133771164,0.08662787760498028,45.87930544651619,33.802855027352514,1
8.431266598906433,2.8102946586952697,72.98264020135026,16.196901214308202,3
5.302145923754861,0.16159791129463438,48.17685893884112,19.600432515388686,1
6.008488582526036,0.48388549095933836,45.30711485380259,19.362396182008364,0
5.102793517323986,0.34264332654742496,28.31439370584458,27.828971590136184,1
6.9035065249191625,0.7111317456220225,49.111104323637136,29.245069100381116,0
5.425928733622953,0.45485062457066483,28.036134423500343,26.88726363824822,1
5.642996090911429,0.5275532775187601,9.078243218836205,28.480935697800284,2
4.357945632326607,0.5031017606354197,67.78369311817326,21.1922812881079,1
8.386965089727589,2.134393012287785,61.9974883710685,15.178926830057785,3
6.398949062744841,0.8094907396930847,7.907836578769265,36.95338586200488,2
6.212814262940112,0.21123244647600412,55.00967149383073,23.8286933546609,0
7.22854463182669,1.4047179788726631,35.974495596173476,24.587451297995344,3
6.476701678202086,0.22399509544771518,36.49165840440872,27.39891633368827,0
4.474975899824289,0.3071942306217332,53.702815934342404,13.549678223837729,1
6.640778941437591,0.448579119265995,64.94648961310463,22.919058309020077,0
4.437143333520464,0.32522742479004557,61.69268297807597,23.193371575167077,1
4.851262645292656,0.17746080457789887,34.84184451458467,30.607795866845734,1
5.04505771334146,0.4792955373021809,68.87727346089366,37.13224015686518,1
6.632324984754,0.8199560982046223,15.725621161783396,39.74073706166121,2
8.443977401995063,3.238172203490198,37.23916613501211,22.173390856860564,3
6.3964653916747585,0.21040106282592796,16.270590064514614,28.086320539929115,2
4.35696607447305,0.2858729294846834,34.77324335090193,17.0735523590532,1
5.550144584680899,1.1577169846506876,9.560416181192204,41.220680146297276,2
4.884832387863537,0.12593446564690475,68.94482437939332,34.70570964146433,1
6.128464323002895,0.21930803249598535,57.62114356395948,26.124589776430707,0
6.581027778401066,0.464715367098827,59.01693185063299,19.534260594308204,0
3.8242017051521136,0.4688721738045516,38.64477033214435,21.749645308107613,1
4.625164161087321,0.14935279629308817,73.29769433341069,22.950147478633262,1
6.271732741499621,0.21131754238109457,55.48727697991014,15.754407298086347,0
4.348586701315921,0.20607800509969026,67.17066884033554,19.67188319789311,1
8.919554731099076,2.554594547261565,48.17632273565249,18.910015363135262,3
5.34012680727818,0.22200283207220486,59.35270556956309,19.092484255610998,1
4.9770532464009865,0.21042455182366004,29.954381326155968,34.57881590961541,1
8.416900920501563,1.786388099739305,29.838598716504862,28.87288699181071,3
6.2693108105908815,0.4830271020848319,49.923053741660325,17.024738845297573,0
8.59536830070766,4.46124279259535,70.22620977047063,19.839938388246622,3
6.99986867273686,0.282007765492826,40.43892162846487,21.40598352674285,0
8.601890123225383,4.32086375846138,51.05889104875268,21.99717494851474,3
4.582021915036155,0.03477308676946721,41.64830958921837,20.863022273170582,1
6.805435076225298,1.1104154056399287,19.518892938776588,37.712922836896524,2
4.834505993191795,0.48304073969621275,52.98789305106594,34.95915650088801,1
6.408134464046148,0.2278201841553269,66.67252256261315,21.86364216401494,0
6.281112374155989,0.3214289175928714,51.34627093733955,24.19055343970464,0
5.6224621042884495,0.03826515958633192,45.26758084782342,23.657904957932644,1
7.503028094966901,2.3250829016956023,67.56337443381905,16.07076660845511,3
7.189949634297284,0.38737491629724574,13.493044436972948,36.66452787949933,2
6.456144456661492,0.5757598559934026,38.279650701774735,27.41680487276501,0
6.7290324954099745,0.1551406063717472,43.16893639090462,22.949952983634567,0
4.645868500379041,0.36576328893767707,63.23056935775616,25.81887434184686,1
4.034547001171528,0.4673668946662367,27.634236259872907,28.896355327132785,1
4.559542373648177,0.15228590531288594,69.45834857551309,14.186549258307217,1
5.155588776694879,0.2766081108733239,45.875815105470444,24.049370470056722,1
6.784965122441341,0.43849833079553824,45.55355432074495,15.809850039634405,0
6.441610786018112,0.6008899982655281,56.87445249441164,26.74426841171983,0
4.3859283429674445,0.26086468044275934,44.89157584070825,37.55509356242184,1
6.435701760777739,0.8648097497756674,36.617727229592056,28.855803942225865,0
4.058682676140378,0.01,68.5202373135393,18.071362594683112,1
6.330932729921824,0.4604418269468912,44.31866238096364,21.85023963848186,0
6.238032238181598,1.0723619186514401,11.506947592963622,28.69151759938922,2
7.5441331571949695,1.7111556773553294,57.92073570598282,20.638920292974333,3
6.358831592644748,0.4073365699405518,36.365487206899616,24.196201735758606,0
6.539476202660847,0.7067575015789376,54.307438693364126,24.621624405955693,0
6.199224902419676,0.7684091558265178,56.87209646395562,21.26252865208205,0
6.464384801165311,0.7244225510117602,14.140008891081433,23.818126131293962,2
6.04459762390955,0.5462658285145773,42.59001987538948,16.22542939118953,0
6.293675206904914,0.7127146361955891,44.92054744991636,14.790839906190726,0
6.917560918137333,0.13451213534532866,9.675987338205505,42.04160458869066,2
4.89961111611813,0.45212721460097927,33.45745181509681,28.961922827795103,1
5.192111219154956,0.22926850848029073,67.45312838627868,39.73171269166427,1
7.319907245774972,0.6778614149408565,4.55472310433275,25.078967817560308,2
6.423368280347786,0.6847062921203855,60.9053573806768,18.970147291433225,0
5.198517653098614,0.32083677823585793,32.67869559264789,12.158365074868856,1
7.5763768207156,0.7372142924934021,12.920641993072394,42.08648792197098,2
6.946562641030992,0.6826280893092916,44.69246878021085,19.9615110893125,0
7.649860706776336,3.0025398834137613,64.17910967915948,23.112474877672,3
6.731559313833928,0.8034898143262023,50.52102824704627,30.373921670390544,0
7.490650046276718,3.3759549094484695,69.93286505533074,25.357291130650193,3
6.623219131662939,0.22884192798076763,39.53540590280636,28.528420246790375,0
5.442625057915786,0.1939494505343191,34.49648525400311,32.24903391478128,1
4.5674551219355575,0.11198315807892692,72.67184185763142,23.656598025611444,1
6.5491320550982035,0.5394976506662101,50.98197454055085,26.085022397241115,0
6.7428434392262595,0.47305837763215647,39.99309949217812,27.745423301402575,0
5.976624337681879,0.5769466555977498,63.10153087246944,29.154065615214265,0
4.832129135297536,0.25840063074362624,32.734800795962194,28.80091378948659,1
5.9265786080440686,0.493877545721787,64.89162232596583,20.414363077527742,0
4.702463527964574,0.13362410476254613,33.41026443422996,14.608438352694401,1
4.687759567998397,0.14086898269897097,65.32918916822801,23.2553504646989,1
4.833302826040741,0.29709207902380125,74.65636413815346,15.977567245646247,1
6.57753805784205,0.5174564834056253,41.53548803604848,26.816429696922743,0
7.614578856836289,2.1230353063518925,78.2223629116147,27.587867063819072,3
4.0785722826587705,0.3923834856886508,62.37181969187097,35.57406205683426,1
7.708751680259156,1.787813596425807,49.553880722463035,21.645973663193036,3
7.01357607479011,0.6492387274121321,37.29578535408379,19.92534664271177,0
7.171510102795651,1.611778434380098,48.790692606039016,30.01619515293607,3
4.086115245533887,0.2327674258953223,40.70161289057957,17.62452368341347,1
5.026737971144022,0.15678696099733952,29.823359344208068,32.127735766647724,1
7.120544652172,2.711338237940763,68.77796279384157,19.97775017744158,3
6.417468318151986,0.7409667340631523,20.740013249358302,41.180772474169345,2
6.1542656956590385,0.6183126893019243,37.67718625846542,26.283816001864462,0
7.697596590821033,3.73137543238142,42.08003436985001,33.781901403596365,3
4.033269079487535,0.45197623292899675,25.60009801777878,35.4899688258167,1
8.192163687725701,1.5268048957181624,52.59369815860995,17.582397057482982,3
6.080040021415698,0.6430056497556473,44.26890774212353,15.758057269917735,0
4.3583698738162955,0.45799067011169864,65.66250924423525,12.588553716337763,1
6.744792875663538,0.6778325182236644,61.431982507544475,21.529836853865433,0
6.825664815070174,0.26117685511293587,60.29898742856169,22.782145578959778,0
6.246578466342482,0.9808354741673606,6.965777885830272,43.92961786248436,2
4.821206598677939,0.3266786392606661,37.046288372563104,22.81464856525418,1
6.8088965371092955,0.781912744787811,49.91323432565683,30.73067647608416,0
5.36260635194687,0.29442721292646484,43.712859879082465,33.93174122059426,1
7.295731104714973,1.1745051086038545,9.380639024724214,23.435817319325224,2
8.231190334085307,1.5278254111136649,30.00874930726737,34.153654050516266,3
8.834685158408384,4.43325215794671,71.64279131282116,23.586222801648077,3
4.723092541110788,0.23806824958209538,45.44199098474815,20.272305650953257,1
6.744386141111191,0.5581583170084349,58.587267978885436,22.94075880310106,0
6.595581014467742,0.8398380712203064,9.029187397766199,38.14326657510728,2
4.489593399724336,0.2908360981384834,71.2476689709533,19.86187550465595,1
4.592430232196861,0.3906027800041079,72.44256783837515,35.61551180495193,1
5.763309607200388,1.2442773493657573,15.088950154405584,41.997703740388154,2
8.762024616582526,2.800063972480927,54.1506145701561,26.11723870818355,3
6.799992829755843,0.33809023402046257,14.410540881577871,44.20368593093058,2
4.657536657660716,0.2371275272517549,35.74865747497204,18.931264278228912,1
6.217245616369899,0.7198192444155126,66.26740219078482,15.963675597504565,0
6.536581686388715,0.5171583855511793,39.906198995944735,18.821551277704653,0
4.436592153859162,0.22493111761369933,69.49317152335078,13.856499208606472,1
6.596703934133691,0.3400514602137748,57.48817898402604,20.780809141421017,0
7.000968711207845,0.46679086537747716,15.823502372812976,37.79609114790957,2
6.166870986368757,0.5217112912001975,16.815947516091363,28.0281109778261,2
7.298920157030825,4.460132075472731,55.464322610559094,36.14517446581207,3
6.431216937173887,0.21145892451761114,8.966625204471477,39.29339582044754,2
6.737215344037989,0.6212181637347756,66.70788600265763,17.01212044574373,0
6.141067566062444,0.983081679129332,12.928169284527176,23.004587203612477,2
4.694895405640882,0.11289514441460342,63.23245569764384,31.45722993776779,1
6.717613494470893,0.7689804381410498,36.36323093885902,21.332437038199775,0
7.294020823451434,0.20567252084200366,14.301830269333946,26.15665934777923,2
4.79428255720506,0.09617368396428548,31.43754237217033,37.95895460069931,1
6.915305705730729,0.7644052461575227,40.74068311485535,18.966789201473922,0
6.917657819812308,0.14428087674971182,48.35079193883381,20.365750452805912,0
6.291181193276092,0.22540418479835017,60.41633700410542,25.09099450908436,0
6.522272151839834,0.40873190334004483,58.51601556062211,20.89051414426682,0
6.932752447480399,0.4887871058621906,48.50625590530657,22.011786224651985,0
4.00104377383875,0.4067883825741716,25.608058604998142,24.543905906647407,1
6.789477036127596,0.6273092898140585,48.25972623737421,21.231009433541807,0
4.543257332959256,0.14505341047798737,71.04475199837779,23.658453499989633,1
6.487874465211089,0.24572016676538622,42.50211263389885,24.37668467810486,0
6.147349752534908,0.17838514507362324,45.60013226645831,19.115014730545933,0
7.192853407129284,4.183891680907447,70.57633166347894,31.663897886778077,3
5.514433617100142,0.5505259159913682,8.835266441693197,33.172789163335764,2
4.717796524659454,0.29723042440457315,52.24228328843896,21.116490323366033,1
7.366991477667193,0.05267410197624317,8.981292813287398,28.01639180873203,2
4.1688532708112795,0.47154537793431367,25.116185192243574,27.037158317787878,1
5.38256977205063,0.33480736177628,33.537529571491426,28.185968664753428,1
6.274867764888073,1.0390957237905463,14.60067360440106,24.841957383994544,2
6.957316345058348,3.444766674278143,58.495397283614324,22.34852317008698,3
6.748485285107591,0.23555121238244145,58.29158367366536,22.0458037610588,0
7.574097104767348,2.8009840897639977,66.17638974715406,17.761878160702885,3
6.389906250139544,0.19166816100696113,57.51851410250735,26.70631948785774,0
5.057717411623627,0.5815481161051395,31.474027365735882,13.05026471651677,1
6.255451166659823,0.5077390593409545,44.257698959790496,19.450826547133936,0
8.399052830009374,3.4924618791794413,75.27631379597395,23.175726017847726,3
5.047483706321875,0.19301247117948622,53.82786257387741,36.70799863954683,1
6.3479659020311106,0.21706008472245897,60.31715909842681,29.112453525112844,0
5.934134455133723,0.23656187567969245,6.408067131193114,37.06948181852737,2
7.510420770200233,2.8935089640841407,75.51125639599387,26.73782119589425,3
6.14800209682582,0.3266752255243868,52.58959817766587,30.21192583140837,0
4.23216629158183,0.38687295686989825,26.490251363110602,25.54192386516294,1
6.2319660362355895,0.3062798171946212,64.35001801769316,22.565498255088695,0
6.792760523747402,0.7883071699065973,13.177844806616184,30.64821616594339,2
4.239027067600718,0.44778424040233505,29.36314960832447,19.625570469727045,1
4.728728734553278,0.3211878696706312,74.04351769320965,30.22606629081639,1
6.679757867700785,0.8595551652677447,35.96368017546739,22.215012185601722,0
6.255321362499841,0.25102452352575444,49.2492193931187,22.642767972054546,0
6.155257494330569,0.22371013994075808,10.339772332263841,23.266603502244994,2
6.55410602096658,0.8384211916697006,34.515408766653536,19.808019307370067,0
4.321931110099376,0.01,54.05355477108585,31.53972950930559,1
5.880181557926275,0.2629829028688585,57.103024813062646,15.453951344802315,0
4.881501496662649,0.4793883503717107,70.16345305140847,21.0106023126225,1
4.542864887409691,0.12939925335767055,36.548559927088,17.152511391459978,1
7.000833294530906,0.4820642433370747,39.03743378613201,18.66019808880885,0
4.1343225875780725,0.21675031011120438,57.916033972459246,31.391762237661112,1
6.047589992635194,0.49872637874276204,17.80735268862609,22.904819735991246,2
6.603933833059216,0.7034479771947195,8.973196857031452,24.650276746187348,2
6.599942802705257,0.20416770387365146,55.36907800459133,27.179535447417756,0
4.883418900593611,0.10385706045472029,24.989973321529764,36.30306282860129,1
5.681427801158028,1.2656847025296525,19.964229063650635,35.20929378834865,2
5.719584558565772,0.2941485610424923,6.002583863983822,35.64844294591665,2
6.216106572660706,0.25200963307210344,62.792707585743734,22.400494545131384,0
6.3816124358174875,0.390163304037142,18.373506159504338,32.0766782974087,2
5.087850710450058,0.0677639867397749,71.98679666595322,26.253786278831825,1
4.658559737103075,0.14099465104414532,40.321997225173696,36.56304409084083,1
6.733576583069367,0.8118963625589584,16.825267840994872,31.471510634484247,2
6.61183706229664,0.5114151625691328,43.26607316825909,28.475478021133718,0
7.204677879839816,0.5211698257450655,11.702914382970443,23.70796353982395,2
6.81096240763834,0.7421012398884657,45.282883013226424,28.81347067961444,0
4.249056206971822,0.13415903226460976,29.878092096011038,21.891762177715876,1
6.649688705439884,0.5316330282494224,61.34806032412374,28.320304418256146,0
6.435441700190651,0.16266576160699775,40.58854981334447,16.642979209241467,0
6.413231134214275,0.18633018344286179,7.715790548582062,37.52039701224122,2
5.136854930545373,0.2518479615051279,64.0613657928961,34.582095372678204,1
8.655957784221572,3.265138417701684,72.69759734256793,17.49184059246764,3
5.60608925219852,0.18202754611284871,30.378296856972504,25.59283787952119,1
4.208684141175752,0.33527350132771155,32.89265639376187,34.220075654626115,1
4.620011589242946,0.2895911830634366,28.11278484019317,30.465617208668196,1
4.86745955491726,0.367164213879468,29.47588495966083,28.637609655182548,1
7.217773017232013,0.3761895736193973,4.6781564572998215,34.49099639187501,2
5.158524036131639,0.4027125402436735,63.2416107050265,24.806318646378777,1
